form_id,form_date,q1,q2,q3,q4,q5,q6,q7,q8,q9,q10,q11,q12,score,school_id,respondent_id
1,2021-05-26,1,1,0,1,1,1,0,0,0,0,1,0,6,127,476
2,2020-12-13,1,1,0,1,1,1,0,0,1,1,1,0,8,57,180
3,2021-05-23,1,1,0,0,0,1,0,1,1,1,1,1,8,225,426
4,2020-10-15,0,1,0,0,0,1,0,1,0,0,0,1,4,103,131
5,2020-10-05,0,0,0,1,0,1,1,0,0,0,0,1,4,156,613
6,2021-04-23,0,0,1,1,0,0,0,0,0,1,0,0,3,15,830
7,2020-11-14,0,0,0,1,1,1,1,1,0,0,0,0,5,137,966
8,2020-09-26,1,1,0,0,0,0,1,1,0,1,1,0,6,102,119
9,2021-01-29,1,1,0,1,0,0,0,0,0,0,0,1,4,187,850
10,2021-07-02,1,1,1,1,0,0,0,0,0,0,0,1,5,115,142
11,2021-05-22,1,0,0,0,0,1,0,0,1,1,1,0,5,271,32
12,2020-10-14,1,1,0,1,0,1,0,0,1,0,0,0,5,142,224
13,2021-06-12,0,1,0,1,1,1,0,1,1,1,1,0,8,87,556
14,2021-07-25,1,1,1,1,0,0,0,0,0,1,0,0,5,133,295
15,2021-03-31,0,1,0,0,1,0,1,1,0,0,1,0,5,284,309
16,2021-04-12,0,1,1,0,1,1,0,0,0,0,1,1,6,300,603
17,2021-04-13,0,0,0,0,1,1,1,1,1,0,0,0,5,134,638
18,2021-09-01,1,0,1,1,1,1,1,1,0,0,1,1,9,228,573
19,2021-09-24,1,0,0,0,0,0,0,1,0,0,1,1,4,209,30
20,2020-09-28,1,1,0,0,0,1,0,0,0,1,0,1,5,225,26
21,2020-12-02,0,1,0,1,1,1,0,1,1,1,1,0,8,282,488
22,2020-12-14,1,0,0,1,1,0,0,1,0,0,1,0,5,142,600
23,2021-01-30,0,1,0,1,0,0,0,1,1,1,0,0,5,96,526
24,2021-09-04,1,0,0,1,0,1,0,0,0,1,0,1,5,232,717
25,2021-06-13,0,1,1,0,0,0,0,1,0,1,1,0,5,127,801
26,2020-12-22,0,1,0,1,1,1,0,1,0,1,0,0,6,116,165
27,2021-05-20,1,1,0,1,1,0,0,1,0,0,1,1,7,208,458
28,2021-03-30,0,0,0,1,1,1,1,0,0,0,0,1,5,152,780
29,2021-08-03,0,0,1,0,0,0,0,1,0,0,1,1,4,220,804
30,2021-03-24,1,0,0,1,1,0,0,1,1,0,1,1,7,80,232
31,2021-08-07,1,0,0,1,0,1,1,1,0,0,1,1,7,179,265
32,2021-05-27,1,0,0,0,1,1,1,1,0,0,0,0,5,199,820
33,2020-10-21,1,0,0,1,1,0,0,0,0,1,0,1,5,33,40
34,2021-08-14,0,0,1,1,1,0,0,0,1,0,0,0,4,120,84
35,2020-11-20,1,1,0,0,0,0,0,0,0,1,0,0,3,24,869
36,2021-08-03,0,1,1,0,0,1,1,0,1,1,0,1,7,61,940
37,2021-07-02,1,1,1,1,0,1,1,1,1,0,1,0,9,280,323
38,2021-08-13,1,1,0,1,0,0,1,0,1,0,1,1,7,187,941
39,2020-10-18,1,0,0,0,0,1,1,1,1,0,0,0,5,77,61
40,2021-02-07,0,0,1,1,0,1,1,1,1,0,0,0,6,277,793
41,2020-11-13,1,1,1,0,0,0,1,1,0,1,0,0,6,3,903
42,2021-09-23,0,1,1,1,0,0,1,1,0,1,1,1,8,298,270
43,2020-10-29,0,1,1,0,1,1,0,1,1,1,1,0,8,154,226
44,2021-08-04,1,0,0,0,1,0,1,1,1,0,0,0,5,181,582
45,2021-01-17,1,1,0,1,0,1,0,1,1,0,0,0,6,50,466
46,2021-08-26,1,1,1,0,1,1,0,1,0,1,0,1,8,65,16
47,2021-07-26,0,1,0,0,0,1,0,1,0,0,0,1,4,183,180
48,2021-05-03,0,1,1,0,0,1,1,1,0,0,0,0,5,232,182
49,2021-04-12,1,0,1,0,0,0,0,1,1,1,0,1,6,125,322
50,2021-04-18,1,1,1,1,1,1,0,0,1,1,0,0,8,92,879
51,2020-10-20,1,1,1,0,0,1,1,1,0,0,0,0,6,299,775
52,2021-08-04,0,1,0,0,1,1,0,1,1,0,1,1,7,101,628
53,2021-01-14,1,0,1,0,0,1,1,0,1,1,1,1,8,185,512
54,2021-08-19,1,1,0,0,0,0,1,0,1,1,0,0,5,65,449
55,2021-05-08,0,1,1,1,1,1,0,1,1,1,1,1,10,82,862
56,2021-04-30,1,1,0,0,1,0,1,1,1,0,0,0,6,199,370
57,2021-08-05,1,0,1,1,1,1,0,0,1,1,0,0,7,193,75
58,2021-05-18,1,0,0,1,0,1,1,0,1,0,0,0,5,281,368
59,2021-04-05,1,1,0,0,1,1,0,0,1,1,0,1,7,81,312
60,2020-10-31,1,0,0,1,0,0,0,0,1,0,1,1,5,208,503
61,2021-07-17,0,0,0,0,0,0,1,0,1,1,1,1,5,272,338
62,2021-03-31,0,0,1,0,1,0,1,1,0,1,0,1,6,207,92
63,2021-01-14,1,0,1,0,0,0,1,0,0,0,1,1,5,115,955
64,2020-12-13,1,0,1,0,0,1,0,1,1,0,1,0,6,139,741
65,2020-11-04,0,0,0,0,1,1,1,0,1,1,0,1,6,218,656
66,2021-05-02,1,1,1,0,1,1,0,1,0,0,1,0,7,3,851
67,2021-05-28,1,1,0,0,1,0,0,1,1,0,1,0,6,219,525
68,2021-04-16,0,0,1,0,0,1,0,1,0,0,0,1,4,81,607
69,2021-06-21,1,0,0,0,0,0,1,0,1,1,0,1,5,147,754
70,2020-12-03,0,1,0,0,1,0,1,0,0,1,0,0,4,73,396
71,2020-12-24,1,0,0,0,0,1,0,1,1,1,1,1,7,43,552
72,2021-03-13,1,1,0,0,1,0,0,0,0,1,1,1,6,60,842
73,2021-04-16,0,0,0,1,0,0,1,0,0,1,1,0,4,43,891
74,2020-10-23,1,1,0,0,0,0,0,0,1,0,1,1,5,92,360
75,2021-08-05,1,1,1,1,0,0,0,1,0,0,1,0,6,172,90
76,2020-12-20,1,1,0,0,1,0,1,0,0,1,1,0,6,164,524
77,2021-08-18,1,0,0,1,1,1,0,0,0,1,0,1,6,295,111
78,2020-10-29,1,0,0,0,1,0,0,0,1,0,1,1,5,232,918
79,2021-02-16,0,0,1,1,0,0,0,1,1,0,0,1,5,226,143
80,2021-05-11,0,0,1,0,1,1,1,0,0,0,1,1,6,264,795
81,2020-11-28,0,1,0,0,1,0,1,0,1,1,0,0,5,88,497
82,2020-12-29,1,1,1,0,1,1,1,1,1,0,1,0,9,275,610
83,2021-04-05,1,1,0,0,0,1,1,1,1,1,0,1,8,152,500
84,2021-09-06,1,1,1,0,0,1,0,1,0,1,1,1,8,252,939
85,2021-09-06,0,0,1,0,1,1,0,0,0,1,0,1,5,36,783
86,2021-06-25,0,1,1,0,0,1,1,0,0,0,0,0,4,178,332
87,2021-03-27,1,1,0,1,0,0,1,0,1,1,1,0,7,230,793
88,2021-09-20,0,0,0,1,0,1,0,0,1,1,0,1,5,109,200
89,2021-07-22,1,0,0,1,0,1,1,0,1,1,0,1,7,53,415
90,2021-05-16,1,1,0,1,1,1,0,0,0,1,0,1,7,162,861
91,2021-07-26,0,1,0,0,0,1,1,0,1,1,1,1,7,99,861
92,2021-03-22,0,1,1,1,1,0,0,0,1,1,0,1,7,238,194
93,2021-01-26,1,1,0,1,0,0,1,1,0,0,0,0,5,215,152
94,2021-07-20,0,1,1,0,1,1,0,0,0,0,0,0,4,30,674
95,2021-08-23,0,0,1,0,0,0,0,0,1,0,1,1,4,68,98
96,2020-12-21,0,1,0,0,1,1,1,0,1,0,0,0,5,55,433
97,2021-09-24,0,1,1,0,0,0,1,0,0,0,0,1,4,282,997
98,2020-10-12,0,1,1,1,0,1,1,1,1,0,0,0,7,225,430
99,2021-07-08,0,0,1,1,1,0,1,1,0,1,1,1,8,86,870
100,2021-07-19,0,0,0,0,0,0,1,0,1,0,1,1,4,110,170
101,2020-12-10,1,1,1,1,1,1,0,1,1,0,0,0,8,87,733
102,2021-01-06,0,1,1,1,1,1,0,0,0,1,0,1,7,47,726
103,2021-09-12,0,0,1,1,1,0,0,1,1,0,0,0,5,147,997
104,2021-09-08,1,1,1,0,1,0,1,0,0,0,0,1,6,270,179
105,2021-02-14,0,1,0,0,0,0,1,0,0,0,1,0,3,267,948
106,2021-05-25,1,1,0,1,1,0,1,0,1,0,0,1,7,12,629
107,2020-11-07,1,0,1,1,1,1,1,1,1,1,1,0,10,56,222
108,2021-05-21,1,0,1,1,1,0,0,1,1,1,1,1,9,12,100
109,2021-08-17,0,1,1,0,1,1,0,1,0,1,0,0,6,13,127
110,2021-05-25,1,1,1,1,0,1,1,1,1,0,1,1,10,1,330
111,2021-01-29,0,1,1,0,1,1,1,0,0,1,0,0,6,272,575
112,2021-01-28,0,0,0,1,0,0,1,1,0,0,1,1,5,9,467
113,2021-04-10,1,0,1,1,1,1,1,1,0,1,0,1,9,259,956
114,2021-09-05,1,0,1,0,0,0,0,0,1,0,1,1,5,277,42
115,2021-07-24,1,1,1,1,1,1,0,1,0,0,0,0,7,211,344
116,2020-10-05,1,0,1,1,0,0,1,0,0,0,0,0,4,104,125
117,2021-04-09,0,1,1,1,0,1,1,1,0,1,0,1,8,133,304
118,2021-04-15,1,1,0,0,1,0,0,0,1,0,0,0,4,278,884
119,2021-01-11,0,0,0,0,1,1,1,0,0,0,0,1,4,290,440
120,2021-08-08,1,1,1,1,0,1,1,1,0,1,1,0,9,24,513
121,2021-03-11,0,0,1,1,0,1,1,0,0,1,1,0,6,124,356
122,2021-02-17,0,0,1,0,0,0,1,1,0,0,0,0,3,222,337
123,2020-10-04,0,1,0,1,0,0,1,0,1,1,1,0,6,180,936
124,2021-05-22,0,1,0,1,0,0,0,0,0,0,0,0,2,114,973
125,2021-06-15,0,0,1,1,1,1,1,0,1,1,1,1,9,27,737
126,2020-12-18,1,0,0,1,0,1,1,0,1,0,0,0,5,164,723
127,2021-05-31,1,0,0,1,1,0,1,0,1,0,1,1,7,268,144
128,2021-05-27,0,0,0,0,0,1,0,1,1,0,1,1,5,233,842
129,2021-07-30,0,1,1,1,0,1,0,1,1,0,1,0,7,1,794
130,2021-01-02,1,1,1,0,0,1,1,0,0,1,0,0,6,269,743
131,2020-11-28,0,1,1,1,1,0,1,0,1,1,1,0,8,81,630
132,2021-05-21,1,0,1,1,0,0,0,1,0,1,0,0,5,164,265
133,2020-12-24,1,1,0,1,1,0,0,1,0,0,0,0,5,248,711
134,2020-10-21,0,1,1,0,1,1,1,0,1,0,0,0,6,89,426
135,2021-01-14,0,1,1,1,0,0,1,1,0,1,1,0,7,117,953
136,2021-06-27,0,1,0,0,0,0,1,1,1,0,1,0,5,147,820
137,2021-02-07,1,0,1,0,1,0,1,1,1,0,1,1,8,107,641
138,2021-08-17,0,0,0,0,0,1,1,1,0,0,1,1,5,139,42
139,2020-11-03,0,0,0,0,1,1,1,1,1,1,1,0,7,140,274
140,2021-06-09,0,0,1,1,1,0,0,0,0,0,0,0,3,188,125
141,2020-09-29,1,0,0,1,1,0,1,0,0,1,1,1,7,79,307
142,2020-11-11,0,0,1,0,0,1,1,0,1,0,0,1,5,1,966
143,2020-10-13,1,1,0,1,0,1,0,0,0,0,1,0,5,100,119
144,2021-05-23,0,0,1,1,0,1,0,1,0,0,1,0,5,216,789
145,2021-05-31,0,0,1,0,1,0,1,0,0,0,0,1,4,131,916
146,2021-09-19,1,0,1,1,1,1,0,1,1,1,1,1,10,52,868
147,2021-05-02,0,1,0,1,1,0,0,1,0,1,0,0,5,210,239
148,2020-10-03,1,1,1,1,0,0,0,0,0,0,0,0,4,11,624
149,2020-11-15,1,0,0,0,0,1,1,1,1,1,0,0,6,217,543
150,2020-10-25,1,1,0,1,1,0,0,1,0,1,1,0,7,299,451
151,2020-12-25,0,1,0,0,0,0,0,0,0,1,1,1,4,2,62
152,2020-10-13,0,1,1,1,1,0,0,1,1,1,1,1,9,12,462
153,2021-01-13,0,0,0,1,1,1,1,1,1,0,1,1,8,252,362
154,2020-11-26,1,0,1,1,1,0,1,1,0,0,0,0,6,104,314
155,2021-06-24,1,1,1,1,1,1,0,0,0,0,0,1,7,76,2
156,2021-04-27,0,0,0,1,1,0,0,1,0,0,0,1,4,249,950
157,2021-05-20,1,0,0,0,1,1,0,0,0,0,0,1,4,54,452
158,2021-04-23,1,1,0,1,0,0,1,0,0,1,0,1,6,237,693
159,2021-05-15,1,0,1,0,1,0,0,1,1,0,0,0,5,236,457
160,2021-01-29,0,0,0,1,0,1,0,0,1,0,0,1,4,266,64
161,2021-09-20,1,1,0,0,0,1,1,0,1,0,0,0,5,117,718
162,2021-09-12,1,0,1,1,0,0,1,1,0,0,0,0,5,207,251
163,2021-04-25,0,0,0,0,1,1,0,0,0,1,0,0,3,190,276
164,2020-11-02,0,0,1,0,1,1,1,1,1,1,1,1,9,131,898
165,2021-07-31,0,0,0,1,1,1,0,0,1,0,1,1,6,94,721
166,2021-07-16,0,0,0,1,1,0,0,0,1,1,1,0,5,219,255
167,2021-01-01,1,1,0,0,1,0,1,0,1,0,0,0,5,15,888
168,2021-04-21,1,0,0,0,0,0,1,1,1,1,1,1,7,271,79
169,2021-06-01,1,0,0,1,0,0,0,1,1,1,0,0,5,32,334
170,2021-02-02,1,1,0,1,1,1,0,1,1,0,0,1,8,26,268
171,2021-02-27,1,1,0,0,1,1,0,0,1,1,1,1,8,200,97
172,2020-12-07,1,0,0,0,1,1,1,0,1,0,0,0,5,220,270
173,2021-04-13,1,0,0,1,0,0,0,1,1,0,1,1,6,298,817
174,2020-10-29,1,1,1,1,0,0,0,1,0,0,1,1,7,163,850
175,2021-07-12,1,0,0,0,1,0,0,0,1,1,1,0,5,215,444
176,2021-03-08,0,1,0,0,1,0,1,1,1,1,0,1,7,246,105
177,2021-07-17,0,0,0,0,1,0,0,1,0,1,1,0,4,260,966
178,2020-10-28,0,1,1,0,1,1,1,0,0,1,0,0,6,155,478
179,2020-11-28,0,0,0,1,0,0,1,0,0,1,0,1,4,244,372
180,2021-01-08,0,1,1,1,0,0,1,1,0,1,1,1,8,102,831
181,2021-07-12,1,1,0,1,0,1,0,1,1,0,1,0,7,130,939
182,2021-03-05,0,1,1,0,1,0,0,0,0,0,0,0,3,166,165
183,2021-02-28,1,1,0,1,0,1,0,0,0,0,1,1,6,48,46
184,2020-09-30,1,1,0,0,1,0,1,1,0,1,0,0,6,288,546
185,2020-11-04,0,0,1,0,0,0,0,0,1,0,0,0,2,49,1
186,2020-10-31,1,0,1,0,1,1,1,1,1,1,0,0,8,106,546
187,2020-10-25,0,0,1,0,0,1,0,0,0,0,0,1,3,4,639
188,2021-07-01,0,0,0,1,1,0,0,0,0,1,1,0,4,250,458
189,2021-07-29,1,0,0,0,1,1,0,1,1,1,0,0,6,28,379
190,2021-09-01,1,1,0,1,0,1,1,0,0,1,1,1,8,102,645
191,2020-10-20,0,0,0,0,1,0,0,0,1,1,0,0,3,250,471
192,2021-03-31,0,0,1,0,1,1,1,1,0,1,0,1,7,115,470
193,2020-10-18,0,0,1,1,1,1,1,0,1,1,0,1,8,145,433
194,2020-12-04,0,0,1,1,1,1,0,0,1,0,0,1,6,28,78
195,2020-12-05,1,1,0,0,1,0,1,1,0,1,1,1,8,87,859
196,2021-08-13,0,1,1,1,1,1,1,0,1,1,1,1,10,214,404
197,2021-05-28,1,0,0,0,0,1,1,1,1,0,1,0,6,22,634
198,2021-01-12,0,0,1,1,1,1,0,1,1,1,0,1,8,33,264
199,2021-07-20,1,0,1,0,1,0,1,0,0,1,1,1,7,228,515
200,2021-07-20,0,1,1,1,1,0,0,1,1,1,0,0,7,126,507
201,2021-03-18,1,0,1,0,0,0,0,0,1,1,1,1,6,148,997
202,2020-12-28,1,0,0,0,1,1,0,1,1,0,0,0,5,150,741
203,2021-08-01,1,1,1,0,0,1,0,0,1,1,0,1,7,188,897
204,2021-07-24,0,1,1,0,1,0,0,1,0,0,0,1,5,178,102
205,2021-03-23,0,0,1,1,1,1,1,1,0,0,0,1,7,135,98
206,2021-03-06,1,1,0,1,0,1,0,0,1,0,1,0,6,40,350
207,2021-04-19,0,1,0,0,0,1,1,1,0,0,1,0,5,57,671
208,2020-11-19,1,0,1,1,1,1,1,1,0,0,0,1,8,96,755
209,2021-09-03,0,0,0,1,1,0,1,1,1,1,0,0,6,117,273
210,2020-10-19,1,1,0,1,0,1,0,1,1,1,1,0,8,157,175
211,2020-10-19,0,0,0,1,1,0,0,0,0,0,1,1,4,18,863
212,2021-05-15,0,1,0,1,0,0,0,1,0,0,0,0,3,240,980
213,2021-01-14,0,0,0,0,0,0,0,1,0,1,1,1,4,234,425
214,2020-11-25,0,0,0,1,0,1,1,0,0,0,0,1,4,28,425
215,2021-07-01,0,1,0,0,0,1,0,0,1,1,1,0,5,141,515
216,2021-04-03,1,0,0,1,0,0,1,0,0,1,1,0,5,14,896
217,2021-02-21,1,0,1,0,0,0,0,1,0,1,1,0,5,83,532
218,2021-02-21,1,0,1,0,1,1,0,0,0,1,0,1,6,92,462
219,2021-07-29,0,0,1,1,1,0,0,0,0,1,0,1,5,133,177
220,2021-08-12,0,0,0,1,1,1,0,1,1,1,0,1,7,234,313
221,2020-12-11,0,1,1,0,0,0,1,0,1,0,1,0,5,273,830
222,2021-03-30,0,1,0,1,1,0,0,1,1,1,1,1,8,227,258
223,2020-10-18,0,1,0,0,1,1,0,1,1,0,0,1,6,239,924
224,2021-04-29,1,1,1,0,1,0,1,0,1,1,1,0,8,39,936
225,2021-02-20,1,0,1,1,1,1,1,0,1,1,0,0,8,88,956
226,2021-03-04,1,1,0,1,1,1,0,0,0,0,1,0,6,98,945
227,2021-08-22,0,0,1,0,0,0,0,1,0,1,1,0,4,139,70
228,2021-06-16,1,1,0,1,0,0,1,0,0,0,0,0,4,54,349
229,2021-02-17,0,0,0,0,0,0,1,1,1,0,0,1,4,240,697
230,2021-05-09,1,0,1,1,0,0,0,1,0,0,0,0,4,89,915
231,2021-01-14,1,1,1,0,0,1,0,0,1,0,1,1,7,235,338
232,2021-03-31,0,0,1,0,0,0,0,1,0,1,0,0,3,220,377
233,2021-06-11,1,0,0,0,1,1,1,1,1,1,1,0,8,204,312
234,2021-05-24,0,1,0,1,0,1,1,0,0,1,1,0,6,253,179
235,2021-01-14,1,0,1,1,1,1,1,0,1,1,0,0,8,84,896
236,2020-12-18,1,0,0,1,0,0,0,0,1,1,1,0,5,284,267
237,2020-11-10,0,1,0,1,1,0,1,1,0,1,1,1,8,200,193
238,2021-06-21,1,1,0,1,1,0,1,0,1,1,1,1,9,34,955
239,2021-08-13,1,1,1,1,1,1,0,0,1,1,0,1,9,294,708
240,2021-04-01,1,1,1,1,0,0,1,0,0,0,1,0,6,71,33
241,2020-10-25,0,0,1,0,1,1,0,0,1,0,1,1,6,18,560
242,2021-08-31,1,0,1,0,0,0,0,1,1,0,1,0,5,157,767
243,2020-11-14,1,1,1,0,0,0,1,1,1,0,0,0,6,178,472
244,2021-04-19,0,1,1,0,1,0,0,1,1,0,1,0,6,6,576
245,2021-01-24,0,1,1,0,1,0,1,0,0,1,1,0,6,216,421
246,2021-03-22,1,0,0,0,1,0,1,1,1,1,1,1,8,36,883
247,2021-04-26,1,1,0,1,1,1,1,0,0,1,1,1,9,294,845
248,2020-10-01,0,0,1,0,0,0,0,0,0,0,0,0,1,126,661
249,2021-07-29,0,1,0,1,0,0,0,0,0,0,1,1,4,20,11
250,2020-10-23,1,1,0,0,1,0,0,1,1,0,1,0,6,114,876
251,2021-03-23,1,0,1,0,1,0,0,0,0,1,0,0,4,206,202
252,2021-01-06,0,1,1,1,1,1,1,0,0,0,1,1,8,93,498
253,2020-12-01,0,1,1,0,1,0,1,1,0,1,0,1,7,235,452
254,2021-06-11,0,1,1,1,1,1,1,1,0,1,0,1,9,13,277
255,2021-01-22,0,0,1,0,0,0,1,1,1,0,1,1,6,31,991
256,2020-12-14,0,1,1,1,1,1,0,0,1,0,1,0,7,108,250
257,2021-07-19,1,0,1,1,1,0,0,0,1,0,0,0,5,90,663
258,2021-09-02,1,0,0,0,0,1,0,0,0,0,0,0,2,226,523
259,2021-08-22,0,0,0,1,1,0,1,1,0,0,0,0,4,51,389
260,2021-01-26,0,0,0,1,0,1,0,1,1,0,1,0,5,86,29
261,2020-10-15,1,0,1,1,0,1,1,0,1,1,1,0,8,87,751
262,2020-11-20,0,1,0,0,0,0,1,1,1,1,1,0,6,45,276
263,2021-01-30,0,0,0,1,0,1,1,0,1,0,1,1,6,182,748
264,2021-03-10,0,0,0,0,0,0,0,1,1,1,0,1,4,110,104
265,2020-10-09,1,0,0,0,0,0,0,0,1,0,0,1,3,75,983
266,2021-07-31,1,1,0,1,1,1,0,0,1,1,0,0,7,295,496
267,2021-08-06,1,0,1,0,0,0,0,1,0,0,1,1,5,26,452
268,2020-09-26,1,1,1,1,0,0,1,0,0,0,0,1,6,6,297
269,2020-12-14,0,1,1,0,0,0,0,1,0,1,1,1,6,241,409
270,2020-11-02,1,1,1,0,1,1,0,0,0,1,0,0,6,159,425
271,2020-10-09,1,0,1,1,1,0,0,1,0,1,0,0,6,246,596
272,2021-06-20,1,1,0,0,0,0,1,0,0,0,0,1,4,190,111
273,2021-07-30,0,1,1,1,1,1,1,0,1,0,1,1,9,11,485
274,2021-03-19,0,0,0,0,1,1,1,0,0,1,1,0,5,190,58
275,2021-04-20,1,0,0,0,1,1,0,0,1,1,0,0,5,234,761
276,2020-09-29,0,1,1,1,1,0,1,1,0,1,1,0,8,286,748
277,2020-10-19,1,1,0,0,0,0,1,1,0,0,1,0,5,187,165
278,2021-06-18,0,0,1,1,1,0,1,1,1,0,0,1,7,109,892
279,2020-09-25,0,1,1,0,1,1,1,0,1,1,0,1,8,118,161
280,2021-09-04,1,0,0,1,0,1,1,1,1,0,1,0,7,211,773
281,2020-11-07,0,1,1,1,1,0,1,0,1,1,1,0,8,49,197
282,2021-08-29,0,0,0,1,1,1,1,1,0,1,1,1,8,58,68
283,2020-12-28,0,1,1,1,1,1,1,0,0,1,0,0,7,218,62
284,2021-05-27,1,0,1,1,0,1,1,0,1,1,0,0,7,184,654
285,2021-04-24,1,0,0,0,1,0,1,0,1,0,0,1,5,243,69
286,2021-07-17,1,0,1,0,0,0,1,0,0,0,0,0,3,199,386
287,2021-08-06,0,1,1,0,0,0,0,1,1,0,0,1,5,70,6
288,2021-02-17,1,1,1,0,1,1,1,1,1,1,1,0,10,138,786
289,2021-09-07,0,0,1,1,1,1,0,1,1,1,1,1,9,276,113
290,2021-07-17,1,1,1,0,1,1,1,0,1,1,0,1,9,154,382
291,2020-10-19,0,0,0,1,0,0,0,1,1,1,0,0,4,299,25
292,2020-10-26,1,1,0,1,1,0,1,1,0,0,1,1,8,32,349
293,2020-11-24,0,0,0,0,0,0,0,1,0,1,0,0,2,226,622
294,2021-04-28,1,1,0,0,0,1,1,1,1,0,0,1,7,250,83
295,2021-02-26,0,1,1,1,0,1,1,0,1,0,1,1,8,184,485
296,2020-10-02,0,1,1,1,1,0,1,1,1,1,0,0,8,132,716
297,2021-03-07,0,0,1,1,1,1,0,0,1,1,1,0,7,36,246
298,2021-01-23,1,0,1,0,1,0,0,0,1,0,0,1,5,97,916
299,2021-04-18,1,0,1,0,1,0,1,0,1,1,0,1,7,155,506
300,2021-04-02,0,0,0,1,1,1,1,0,0,1,0,1,6,279,876
301,2021-08-24,0,0,0,0,1,0,1,1,0,1,1,0,5,104,634
302,2021-06-27,1,1,0,1,1,1,1,1,0,0,0,0,7,175,279
303,2021-03-28,1,0,0,0,0,1,0,0,1,0,0,0,3,155,665
304,2020-11-12,0,1,0,0,1,1,0,1,1,0,1,0,6,220,85
305,2020-10-04,1,0,0,1,0,0,0,0,0,1,0,0,3,249,87
306,2020-12-05,0,0,1,1,1,1,0,1,0,1,1,1,8,166,872
307,2021-08-12,1,0,1,0,0,1,0,0,0,1,1,0,5,198,336
308,2021-09-08,1,1,1,0,0,1,0,0,0,1,1,1,7,40,655
309,2020-12-16,0,1,1,1,1,1,0,0,1,0,0,1,7,111,98
310,2020-09-29,0,0,0,0,1,0,1,0,1,1,0,0,4,175,965
311,2020-11-18,1,1,0,1,1,1,1,0,1,0,0,0,7,46,471
312,2021-04-07,1,0,1,1,1,0,1,0,1,0,1,0,7,176,817
313,2021-04-23,1,0,1,1,0,0,0,0,0,1,1,0,5,218,879
314,2021-05-21,1,1,0,1,0,1,1,0,1,0,0,0,6,22,872
315,2021-03-01,0,0,0,0,0,1,1,0,1,1,1,1,6,200,470
316,2021-03-18,0,1,1,0,0,1,1,0,1,0,1,1,7,261,167
317,2021-05-20,1,1,1,1,1,0,0,0,1,0,1,1,8,205,708
318,2021-07-26,0,1,0,1,1,1,1,1,1,1,1,1,10,13,341
319,2020-11-24,1,0,0,0,1,1,0,0,1,0,0,0,4,171,953
320,2021-06-23,1,0,0,1,1,0,0,0,1,0,1,1,6,254,487
321,2021-04-02,0,0,0,1,0,0,0,1,0,1,0,0,3,97,725
322,2021-09-08,1,1,0,1,1,1,1,0,1,1,1,1,10,28,22
323,2020-11-19,1,0,0,1,1,1,1,1,0,1,1,0,8,18,933
324,2021-06-06,0,1,1,1,1,1,0,1,1,0,0,0,7,215,586
325,2021-07-15,1,0,0,0,1,0,0,1,0,0,1,0,4,267,260
326,2021-07-25,1,0,0,1,1,1,0,0,1,1,1,0,7,263,669
327,2020-10-23,0,1,1,0,1,1,1,1,0,0,1,1,8,122,674
328,2020-12-29,1,0,1,0,0,1,0,1,1,0,0,1,6,236,589
329,2021-06-30,0,1,0,1,0,0,1,0,1,1,0,1,6,108,400
330,2021-08-23,0,0,0,1,0,1,1,0,0,1,0,0,4,48,913
331,2021-01-03,0,0,0,0,1,1,1,0,1,0,0,0,4,171,507
332,2021-03-05,1,0,0,1,0,1,0,0,1,0,0,0,4,141,472
333,2020-11-27,0,1,0,0,1,0,1,0,0,1,0,0,4,112,401
334,2020-11-03,1,0,0,1,1,0,0,1,0,1,1,1,7,147,845
335,2021-04-12,0,0,1,0,0,1,1,0,0,0,1,1,5,4,157
336,2021-01-03,1,0,0,1,1,0,0,0,0,1,0,1,5,193,918
337,2021-01-13,1,1,1,1,0,0,1,1,0,0,0,0,6,25,784
338,2021-06-24,0,1,1,0,1,1,1,1,1,1,1,1,10,205,785
339,2021-05-14,1,0,1,0,1,1,0,1,0,0,0,0,5,132,344
340,2021-08-28,0,1,1,0,1,0,1,0,1,1,0,0,6,133,785
341,2020-10-02,1,0,0,0,1,0,0,1,0,1,1,1,6,71,106
342,2021-05-04,0,0,0,0,1,0,0,0,0,1,1,1,4,69,939
343,2020-10-23,1,0,0,0,0,1,1,1,1,0,0,0,5,80,224
344,2020-11-04,1,1,1,1,1,0,1,1,1,1,1,1,11,10,254
345,2021-04-21,0,0,1,0,1,1,1,1,0,1,0,1,7,109,880
346,2021-01-10,1,1,1,0,1,0,1,1,1,1,0,0,8,182,636
347,2021-05-18,0,1,1,1,1,1,1,1,1,0,0,0,8,81,771
348,2021-04-13,0,0,1,0,0,0,1,0,0,1,1,1,5,110,447
349,2020-12-15,0,0,0,0,0,0,0,1,0,0,0,0,1,198,963
350,2021-07-29,0,1,0,1,0,1,1,1,1,1,1,1,9,276,637
351,2020-11-15,0,0,1,1,1,1,1,0,0,1,0,1,7,145,765
352,2021-03-14,0,1,1,0,0,1,0,0,1,0,0,0,4,209,252
353,2021-01-12,0,1,1,0,1,1,1,0,1,0,1,0,7,41,195
354,2020-11-21,1,0,1,1,1,1,0,1,1,0,1,1,9,214,334
355,2020-12-15,0,1,1,0,0,1,1,0,0,1,1,1,7,290,508
356,2021-06-28,1,0,1,0,1,1,0,1,0,0,0,1,6,215,709
357,2021-03-02,0,0,0,0,1,1,1,0,0,0,0,0,3,89,933
358,2021-04-20,0,0,1,0,1,1,1,1,1,0,1,1,8,75,599
359,2021-05-12,1,1,0,0,1,0,1,1,1,1,0,1,8,134,408
360,2020-12-02,0,1,1,1,0,0,0,0,0,1,0,1,5,193,709
361,2020-11-10,1,1,0,0,0,0,0,0,1,0,1,0,4,281,153
362,2021-01-31,0,1,0,0,0,1,0,1,0,0,1,1,5,168,429
363,2021-05-08,0,1,1,0,0,0,1,0,1,1,0,0,5,52,24
364,2021-08-13,1,0,1,1,0,1,0,1,0,0,0,0,5,157,761
365,2020-11-28,0,1,1,0,0,0,1,1,1,0,1,1,7,236,865
366,2021-04-12,0,1,1,1,0,1,0,1,1,0,1,1,8,65,478
367,2021-06-10,0,1,0,1,1,0,0,0,1,0,0,0,4,245,188
368,2021-08-21,0,1,1,0,0,1,1,1,0,0,0,1,6,211,706
369,2021-06-14,1,0,0,0,1,1,1,1,0,0,0,0,5,249,306
370,2021-03-06,1,0,1,0,0,1,1,0,1,0,1,1,7,228,842
371,2021-05-11,0,1,0,1,1,1,1,0,1,0,0,0,6,90,624
372,2021-08-17,0,0,1,1,0,1,0,1,0,1,0,1,6,207,633
373,2020-11-04,0,0,1,0,1,0,0,0,1,0,1,0,4,225,960
374,2021-02-17,0,1,0,0,0,0,1,0,0,0,1,0,3,103,713
375,2021-09-21,1,1,1,1,1,0,0,0,1,1,1,0,8,192,655
376,2021-09-17,1,1,1,0,0,1,0,1,0,0,1,0,6,107,977
377,2021-05-11,1,0,1,1,1,1,1,0,1,0,0,1,8,245,372
378,2021-05-22,0,1,0,1,0,1,1,0,1,1,1,0,7,44,724
379,2021-09-19,1,1,1,0,1,0,0,0,0,1,0,1,6,85,353
380,2020-12-01,0,0,0,0,0,0,0,1,1,1,0,1,4,293,345
381,2021-09-06,0,1,0,0,0,0,1,1,1,1,1,0,6,178,593
382,2021-02-03,1,0,0,1,1,1,1,0,1,1,0,0,7,178,500
383,2021-08-10,0,0,0,0,0,0,0,0,0,0,0,0,0,293,478
384,2021-03-21,1,0,1,1,1,1,1,0,1,0,1,1,9,208,983
385,2020-11-16,1,1,1,0,0,0,1,1,0,1,1,0,7,250,889
386,2020-10-06,0,0,1,1,0,0,1,1,1,0,0,0,5,124,465
387,2021-01-12,1,0,1,0,0,1,1,1,0,1,0,1,7,58,609
388,2021-07-16,1,1,1,1,0,1,1,1,0,1,0,0,8,281,429
389,2020-10-31,1,0,1,0,0,0,1,0,0,0,0,1,4,210,254
390,2020-10-05,0,0,1,1,1,0,0,0,1,0,0,1,5,226,712
391,2021-01-07,1,0,1,0,0,0,1,1,1,0,1,0,6,120,826
392,2020-12-19,1,1,0,1,0,0,0,0,1,1,0,0,5,183,537
393,2021-03-12,0,1,1,1,0,1,0,0,1,1,1,0,7,265,152
394,2020-12-24,1,1,0,1,0,1,1,1,0,0,0,0,6,96,446
395,2020-10-01,0,0,1,0,0,1,0,0,0,0,1,1,4,231,308
396,2020-12-13,0,0,1,0,1,1,1,1,0,0,0,1,6,117,867
397,2020-10-11,0,0,1,0,0,0,1,0,1,1,1,1,6,241,395
398,2021-07-20,1,0,0,0,0,0,1,1,1,1,0,0,5,61,316
399,2021-06-06,1,0,1,0,1,0,1,1,1,0,0,0,6,108,336
400,2021-03-08,0,0,0,1,0,0,0,0,0,0,0,0,1,241,576
401,2021-02-08,0,0,0,0,1,0,0,1,1,1,0,0,4,82,203
402,2021-09-23,1,1,0,0,1,1,0,0,0,0,1,0,5,210,26
403,2021-08-02,1,0,0,1,0,0,0,0,1,0,0,1,4,162,507
404,2020-10-18,0,1,0,1,1,1,1,1,1,1,0,1,9,75,328
405,2020-11-15,1,0,0,0,1,0,1,1,1,1,1,1,8,280,496
406,2020-12-12,0,1,0,0,1,1,0,0,1,0,1,0,5,278,475
407,2021-01-08,1,1,0,0,0,1,0,1,0,0,0,0,4,277,130
408,2021-05-12,1,0,1,0,0,1,1,1,0,0,0,0,5,160,14
409,2020-12-01,0,0,1,0,0,0,1,1,0,1,1,1,6,299,915
410,2021-01-27,0,1,1,0,0,0,1,0,0,0,0,1,4,213,919
411,2021-01-23,1,0,1,0,0,1,1,0,1,1,0,1,7,115,275
412,2021-09-07,0,1,1,0,0,1,1,1,0,0,0,0,5,91,954
413,2021-09-21,1,1,1,0,1,0,0,0,0,0,1,1,6,235,203
414,2021-02-21,0,0,1,0,1,0,0,1,0,0,0,0,3,98,829
415,2021-06-20,1,0,0,0,1,1,0,1,1,0,0,1,6,139,27
416,2021-06-15,1,0,0,1,0,0,0,1,1,0,1,1,6,101,309
417,2021-08-12,0,1,1,0,0,1,1,1,0,1,1,1,8,53,548
418,2020-10-24,1,0,1,1,0,0,0,1,1,0,0,0,5,268,17
419,2021-09-10,0,1,0,0,1,1,1,1,0,0,1,1,7,254,742
420,2021-07-13,1,0,0,0,0,1,1,0,0,0,0,1,4,211,316
421,2021-06-26,0,0,1,0,0,0,1,0,0,1,1,0,4,190,128
422,2021-07-07,0,1,0,1,1,1,1,1,0,1,1,0,8,277,446
423,2021-05-31,1,1,1,0,1,0,0,1,0,1,1,1,8,143,201
424,2021-04-21,1,1,1,0,0,1,1,1,1,1,0,0,8,262,333
425,2021-08-23,0,0,0,0,0,1,0,0,1,0,1,1,4,278,847
426,2021-08-09,0,1,0,0,1,1,0,0,0,0,0,1,4,10,438
427,2021-01-04,1,1,0,0,0,0,1,0,0,0,1,0,4,245,357
428,2021-04-23,1,1,0,1,0,0,0,0,1,1,1,1,7,157,801
429,2020-10-01,1,0,0,0,1,1,0,0,0,1,1,1,6,107,704
430,2020-10-01,0,0,0,1,0,0,1,1,1,1,0,1,6,247,52
431,2020-11-26,1,0,1,1,0,0,0,0,1,0,1,0,5,286,369
432,2021-07-18,0,1,1,0,0,0,1,0,1,1,0,1,6,42,441
433,2021-09-05,1,1,1,0,1,1,0,0,0,1,1,1,8,146,440
434,2021-04-27,1,0,0,0,0,1,1,1,0,0,0,0,4,104,954
435,2021-04-29,1,0,1,1,1,0,1,0,1,1,1,0,8,67,663
436,2021-02-01,0,0,1,0,1,0,0,1,0,0,1,0,4,208,576
437,2021-02-14,0,0,0,1,1,1,0,0,0,1,1,1,6,256,577
438,2021-04-04,0,0,1,1,1,1,0,1,0,0,1,1,7,31,7
439,2021-04-14,1,1,0,1,0,1,0,0,0,1,1,0,6,223,137
440,2021-01-12,0,0,1,1,1,0,0,0,0,0,1,1,5,144,548
441,2020-11-18,1,1,1,1,1,0,1,0,0,0,0,1,7,202,788
442,2021-06-24,0,1,1,0,0,0,1,0,0,0,1,1,5,170,263
443,2021-03-28,1,0,0,0,1,1,1,0,1,0,0,1,6,7,297
444,2021-08-11,0,1,1,0,0,0,0,0,0,0,0,0,2,284,801
445,2021-04-26,1,0,0,0,1,0,0,1,0,0,0,0,3,182,912
446,2021-04-30,0,1,0,0,0,1,1,1,0,1,0,1,6,162,206
447,2021-03-15,1,1,1,0,0,1,1,0,0,0,0,0,5,140,58
448,2021-06-19,1,1,0,1,0,1,0,1,1,0,1,1,8,177,940
449,2021-08-30,0,0,0,0,0,1,1,1,1,0,0,1,5,261,218
450,2020-11-02,1,1,1,0,1,0,1,0,1,0,0,0,6,166,11
451,2020-12-22,0,0,0,1,1,1,1,1,0,0,0,1,6,180,365
452,2020-11-02,0,0,1,1,1,1,0,0,1,0,0,1,6,32,365
453,2021-01-08,1,1,0,0,0,0,0,1,0,0,0,1,4,248,458
454,2021-04-25,0,1,1,0,0,1,0,1,1,0,0,1,6,168,524
455,2021-06-27,0,1,1,1,0,1,1,0,0,1,0,1,7,218,130
456,2021-08-01,0,0,0,1,1,0,1,0,1,0,1,1,6,88,765
457,2021-05-23,1,1,0,1,1,1,0,1,1,1,1,1,10,199,241
458,2021-07-12,1,0,0,0,1,1,1,1,0,1,0,1,7,12,716
459,2021-08-13,0,0,0,0,0,1,0,1,0,0,1,0,3,198,75
460,2021-05-30,1,0,0,0,0,0,0,1,0,0,0,1,3,141,786
461,2021-05-24,1,1,0,1,0,1,1,1,0,0,0,1,7,121,893
462,2021-03-23,1,0,1,1,0,1,1,0,0,1,1,1,8,213,467
463,2021-02-25,0,0,1,1,0,1,0,1,1,1,0,0,6,131,297
464,2021-03-26,1,1,1,0,0,0,1,0,1,0,1,1,7,171,360
465,2021-02-25,0,1,1,0,1,1,0,1,1,0,1,1,8,253,201
466,2021-09-12,0,1,1,0,1,0,0,0,0,1,1,1,6,46,990
467,2021-04-13,0,1,0,1,0,0,0,1,1,1,0,0,5,4,180
468,2021-03-15,1,0,1,1,0,0,1,0,0,1,1,0,6,155,842
469,2021-07-24,0,0,0,1,0,1,0,0,1,0,0,1,4,85,634
470,2021-06-14,0,0,0,1,1,0,1,1,1,1,1,1,8,8,380
471,2021-02-21,1,0,0,1,0,1,1,1,1,1,1,0,8,193,980
472,2021-01-28,1,0,1,1,1,1,0,1,0,0,1,0,7,187,892
473,2021-09-19,0,1,0,0,0,1,1,0,0,0,0,1,4,237,378
474,2021-06-21,0,0,0,1,0,1,1,1,1,1,0,0,6,18,541
475,2021-04-20,1,0,1,1,0,0,1,0,0,1,0,0,5,69,606
476,2021-01-13,1,1,0,0,0,0,1,0,0,1,1,1,6,294,915
477,2020-12-21,1,1,1,0,1,1,1,0,0,1,1,0,8,272,530
478,2020-10-01,1,1,1,0,1,1,1,0,0,1,0,0,7,200,403
479,2021-07-05,1,0,1,1,0,0,1,0,0,0,1,1,6,263,433
480,2021-06-25,1,1,1,1,1,0,1,1,0,1,1,0,9,183,592
481,2021-04-21,1,0,1,1,1,0,0,1,0,0,0,0,5,209,224
482,2021-04-30,1,0,1,1,0,0,1,1,1,1,0,1,8,148,651
483,2021-04-30,0,1,1,0,0,0,0,0,0,1,1,1,5,258,530
484,2021-04-11,0,1,1,1,0,1,0,1,1,0,1,0,7,146,101
485,2021-05-24,1,0,0,1,1,0,0,1,0,0,1,1,6,233,927
486,2021-08-21,1,0,1,1,0,0,1,0,0,0,0,0,4,50,703
487,2021-07-27,0,1,0,1,0,1,0,1,0,1,0,1,6,255,811
488,2021-07-22,0,0,0,0,0,0,1,1,1,0,1,1,5,77,20
489,2021-09-12,0,0,1,0,0,1,1,0,0,0,0,0,3,104,968
490,2021-01-10,1,0,1,1,1,1,0,0,0,1,0,0,6,70,587
491,2020-12-09,1,1,0,0,1,0,0,1,1,0,1,0,6,169,140
492,2020-10-22,0,1,1,1,0,0,0,1,0,0,0,0,4,148,533
493,2021-09-03,1,0,0,1,0,1,0,1,1,0,0,1,6,243,378
494,2021-02-04,0,1,1,1,1,0,0,0,1,1,1,1,8,151,438
495,2020-12-04,0,0,1,0,0,0,1,1,0,1,1,1,6,74,773
496,2020-10-20,0,0,1,0,1,0,0,1,0,1,1,0,5,164,646
497,2021-03-17,1,0,1,1,1,1,1,0,0,1,0,1,8,194,79
498,2021-04-06,0,0,1,0,1,0,0,1,0,1,0,1,5,101,973
499,2021-04-09,0,0,0,1,1,1,1,1,0,0,0,1,6,190,36
500,2021-04-22,0,1,0,0,0,0,1,0,0,1,1,0,4,64,944
501,2021-07-12,1,1,1,0,0,1,0,1,1,1,1,1,9,294,293
502,2021-04-08,0,1,0,1,1,1,0,0,1,1,0,0,6,95,208
503,2020-11-16,0,0,0,0,1,1,1,0,1,1,0,0,5,287,773
504,2021-03-20,1,1,1,1,0,0,0,0,0,0,1,1,6,72,750
505,2021-07-14,1,0,1,1,1,0,0,1,1,1,0,0,7,56,280
506,2021-05-05,1,1,1,0,0,1,0,0,1,0,1,1,7,236,205
507,2021-06-18,1,0,0,0,1,1,1,1,1,1,0,0,7,135,414
508,2021-09-12,1,0,1,1,1,0,1,0,0,0,0,0,5,287,513
509,2021-05-02,1,1,0,0,1,0,1,0,0,0,1,1,6,202,166
510,2020-12-26,1,0,1,1,0,1,0,0,0,0,1,0,5,226,293
511,2021-03-28,0,0,1,1,1,0,1,1,0,1,1,1,8,166,252
512,2021-07-12,0,1,1,0,1,1,0,0,1,1,1,1,8,28,121
513,2021-07-02,0,0,0,0,1,0,1,1,1,0,1,0,5,261,82
514,2021-06-25,1,1,1,1,1,1,0,0,0,0,1,1,8,61,178
515,2020-10-30,0,1,1,1,1,1,0,1,0,1,1,0,8,145,856
516,2020-12-26,0,0,0,1,0,0,1,0,0,1,0,1,4,243,223
517,2021-03-02,1,0,1,0,1,1,0,0,0,0,1,0,5,236,383
518,2021-03-22,0,1,1,1,0,0,1,1,0,0,0,1,6,248,912
519,2021-03-15,0,1,1,0,1,0,0,0,0,1,0,1,5,263,226
520,2021-03-05,0,1,1,0,0,0,1,0,1,1,1,1,7,185,543
521,2021-04-17,1,0,1,1,0,1,1,0,0,0,0,0,5,42,751
522,2021-07-25,0,0,1,0,0,1,0,1,1,1,0,0,5,73,179
523,2021-04-23,0,1,1,1,0,1,0,1,0,1,1,1,8,297,879
524,2021-07-28,0,0,1,1,0,0,0,1,0,0,1,0,4,3,180
525,2021-05-14,1,1,0,0,1,1,1,0,1,0,0,0,6,172,954
526,2021-04-19,1,1,1,0,1,0,0,1,1,1,1,1,9,25,111
527,2020-10-07,1,0,1,1,0,0,0,0,1,0,1,1,6,105,202
528,2021-04-03,1,0,1,1,0,0,1,1,0,0,0,1,6,48,387
529,2020-12-17,0,0,0,1,1,1,0,0,0,0,0,1,4,46,589
530,2021-08-02,1,1,1,0,0,1,0,0,1,0,0,1,6,292,435
531,2020-12-17,0,1,1,0,1,1,1,0,0,1,1,0,7,160,405
532,2020-10-10,1,0,1,1,0,1,1,0,1,1,1,0,8,122,784
533,2020-10-20,1,0,1,0,1,1,0,1,1,1,1,0,8,231,665
534,2021-01-10,0,1,0,0,1,1,0,0,0,0,0,1,4,250,326
535,2021-08-14,1,0,1,1,0,0,1,1,0,0,1,1,7,132,188
536,2021-03-11,1,0,0,0,1,0,1,1,0,0,1,1,6,262,384
537,2020-11-02,1,1,1,1,0,1,1,1,1,0,0,1,9,230,178
538,2021-09-11,1,1,0,1,1,1,0,0,1,1,0,0,7,115,199
539,2021-03-14,0,0,0,0,1,1,0,0,0,0,0,1,3,213,386
540,2020-12-11,1,0,0,0,1,1,0,0,1,1,0,1,6,97,301
541,2021-04-02,0,1,0,0,1,0,0,1,0,0,0,0,3,126,39
542,2021-06-30,0,0,1,1,1,1,1,0,0,1,0,0,6,6,677
543,2021-06-23,1,0,1,0,1,0,0,0,1,1,0,0,5,235,894
544,2021-07-15,0,1,0,1,0,1,1,0,0,1,1,1,7,273,130
545,2021-02-07,0,1,1,0,1,0,1,1,0,0,0,1,6,258,788
546,2021-09-23,0,0,1,1,1,1,1,1,0,1,0,1,8,63,83
547,2021-03-29,0,0,1,1,1,0,0,1,0,0,0,0,4,122,383
548,2020-12-26,1,1,1,1,0,0,1,0,1,0,0,0,6,202,649
549,2021-05-29,1,0,1,1,0,1,0,0,0,1,0,0,5,35,978
550,2021-03-01,1,1,1,1,1,1,0,1,1,0,1,1,10,277,510
551,2021-06-25,0,1,0,1,0,0,1,0,1,1,0,0,5,104,968
552,2021-06-10,0,1,1,0,0,1,0,0,0,0,1,1,5,284,310
553,2020-11-19,0,1,0,1,0,0,1,0,0,0,1,1,5,105,13
554,2021-02-23,1,0,1,1,0,0,1,0,0,1,0,1,6,6,780
555,2021-01-22,0,1,0,0,1,1,0,0,0,0,0,0,3,226,985
556,2021-06-21,0,1,1,0,1,0,1,1,0,1,0,0,6,154,271
557,2020-12-23,1,1,0,1,1,1,1,1,0,0,1,0,8,212,513
558,2021-07-10,1,1,1,1,0,0,0,1,0,1,1,0,7,287,510
559,2020-11-21,1,0,0,0,0,0,1,1,0,1,1,0,5,101,341
560,2020-10-23,0,1,1,0,0,1,1,1,0,0,1,1,7,103,73
561,2021-02-12,0,1,1,0,1,1,0,1,0,1,1,1,8,137,772
562,2020-12-15,0,0,0,0,1,0,1,1,1,1,1,0,6,125,5
563,2020-10-15,1,1,1,0,1,0,1,0,0,0,1,1,7,123,658
564,2021-01-23,0,0,0,1,0,1,1,1,0,1,0,1,6,124,6
565,2021-03-20,1,1,1,0,0,0,0,1,1,1,0,0,6,74,769
566,2020-10-27,1,0,0,0,1,0,0,1,0,1,1,1,6,94,463
567,2020-10-05,1,0,0,1,0,0,0,0,1,1,1,1,6,133,478
568,2020-12-27,1,0,1,1,0,0,0,1,1,0,0,1,6,257,591
569,2021-03-25,0,0,0,1,1,1,1,1,1,0,0,1,7,249,315
570,2021-05-12,0,1,1,1,1,0,0,1,1,1,0,0,7,34,894
571,2020-12-08,1,1,0,0,0,1,0,0,0,1,1,1,6,160,383
572,2021-09-24,0,0,1,0,0,1,1,1,0,1,0,1,6,67,72
573,2021-07-30,1,0,0,1,0,1,0,0,0,1,1,0,5,279,503
574,2021-04-14,0,0,1,0,1,1,0,1,0,0,1,0,5,9,549
575,2021-04-13,1,0,1,1,1,1,1,0,1,0,0,0,7,298,566
576,2021-04-28,0,0,1,0,1,1,1,1,0,0,1,0,6,46,388
577,2021-04-30,0,0,0,1,0,0,0,0,1,1,0,0,3,79,431
578,2021-03-11,0,0,1,0,1,0,0,1,1,0,1,0,5,29,571
579,2021-06-14,0,0,1,0,1,1,1,1,1,1,1,0,8,202,90
580,2021-08-03,1,1,1,1,1,1,1,0,1,0,1,0,9,94,519
581,2021-01-05,1,1,0,0,1,0,0,1,1,0,1,0,6,28,940
582,2021-03-19,0,0,0,0,0,0,0,1,1,1,0,1,4,209,192
583,2020-11-02,0,1,0,0,0,0,1,0,0,0,1,1,4,173,947
584,2020-10-07,1,0,1,0,1,0,1,1,1,0,0,1,7,253,214
585,2021-03-02,0,0,0,0,1,0,1,1,1,0,1,0,5,33,853
586,2021-06-23,0,1,0,0,1,1,0,1,0,1,0,1,6,63,436
587,2020-12-09,1,1,0,1,0,0,1,1,0,1,0,1,7,140,836
588,2021-08-23,1,1,1,0,1,1,1,0,1,0,1,0,8,24,548
589,2021-05-19,1,1,1,0,0,0,1,0,1,1,0,1,7,27,163
590,2020-12-04,1,0,1,0,1,0,0,1,1,1,1,0,7,273,558
591,2021-03-05,0,1,1,0,0,1,1,1,0,1,0,0,6,213,505
592,2021-08-22,1,1,1,1,0,0,1,0,0,0,1,0,6,281,829
593,2021-05-08,0,1,0,0,0,1,0,1,1,1,1,0,6,207,622
594,2020-10-30,0,1,0,1,1,1,1,1,1,1,1,1,10,77,875
595,2020-11-24,1,0,1,1,0,0,1,1,1,1,0,0,7,270,879
596,2020-12-19,1,0,1,0,1,0,1,0,1,0,1,1,7,291,924
597,2020-11-29,1,0,1,0,0,0,1,0,1,1,0,1,6,157,312
598,2021-07-26,0,1,0,0,0,0,1,0,0,1,1,0,4,12,740
599,2020-10-18,0,0,1,1,1,0,0,1,0,0,0,1,5,5,818
600,2021-05-16,0,1,1,0,1,0,0,1,1,0,1,1,7,93,621
601,2021-09-14,0,0,0,0,0,1,0,1,0,1,0,0,3,248,960
602,2021-04-20,0,1,1,0,0,0,1,0,1,1,0,0,5,115,223
603,2021-07-06,0,0,1,1,1,0,1,0,0,0,1,0,5,89,43
604,2021-01-01,1,1,0,0,0,0,1,1,1,1,0,1,7,270,929
605,2021-03-30,1,0,1,1,0,0,1,0,0,1,0,0,5,160,737
606,2021-02-24,1,1,1,0,1,1,0,0,0,1,1,0,7,52,980
607,2021-04-06,1,0,1,1,0,1,1,1,0,0,1,0,7,127,319
608,2021-02-15,1,0,0,0,0,1,0,1,1,0,1,0,5,254,281
609,2021-04-27,1,1,0,1,1,1,1,1,1,0,0,0,8,182,209
610,2021-05-31,1,0,1,0,0,1,0,1,0,1,1,1,7,85,762
611,2021-04-03,1,0,0,1,1,0,0,0,1,0,1,0,5,175,137
612,2020-11-09,1,1,1,1,0,0,1,0,1,0,0,0,6,187,173
613,2021-07-03,0,0,0,1,1,0,0,1,0,0,1,0,4,274,803
614,2021-05-20,1,1,1,1,0,1,0,1,0,1,0,0,7,77,89
615,2020-12-20,1,0,1,0,0,1,1,0,0,0,0,0,4,245,832
616,2021-09-12,0,1,0,0,0,0,0,1,0,1,1,0,4,221,665
617,2021-04-14,1,0,1,1,1,0,0,1,0,0,0,0,5,55,66
618,2021-04-14,0,1,0,0,1,0,0,0,1,1,1,1,6,278,562
619,2020-10-09,1,1,1,1,1,1,1,1,1,1,1,1,12,225,28
620,2020-12-02,1,0,1,1,0,0,1,1,1,1,1,0,8,173,415
621,2021-07-14,0,1,1,1,1,1,1,1,0,1,1,1,10,282,839
622,2020-11-05,1,0,0,0,1,0,1,1,0,0,1,1,6,82,469
623,2021-08-17,1,1,1,1,0,1,0,0,1,1,0,0,7,286,852
624,2021-02-25,1,1,1,1,1,0,1,1,1,0,0,0,8,104,779
625,2020-12-22,0,0,1,1,0,1,1,1,0,0,1,0,6,134,314
626,2021-06-30,1,1,1,0,1,0,1,0,1,0,0,1,7,215,563
627,2021-07-25,1,0,1,1,0,1,1,0,1,0,0,0,6,42,853
628,2021-06-14,0,0,1,0,1,0,1,0,0,0,1,0,4,212,782
629,2021-03-30,0,0,1,0,1,1,1,0,1,1,0,0,6,100,429
630,2021-08-06,1,0,0,0,1,0,1,1,0,1,1,0,6,20,149
631,2021-08-05,0,1,1,1,0,0,0,1,0,1,0,0,5,21,756
632,2021-08-28,0,0,1,1,0,1,1,1,0,1,0,1,7,16,624
633,2021-04-19,1,0,1,0,0,1,1,1,0,1,1,1,8,64,669
634,2020-11-20,0,0,1,1,0,1,1,1,1,1,1,0,8,215,581
635,2021-01-13,0,1,0,0,1,1,0,0,0,1,0,0,4,227,360
636,2021-07-22,0,1,0,0,1,1,0,0,1,1,1,0,6,223,500
637,2021-08-18,0,0,1,0,0,0,0,0,0,0,0,0,1,161,904
638,2021-09-21,1,0,1,1,0,0,1,1,0,1,1,1,8,268,434
639,2021-04-02,0,0,0,1,1,1,0,0,1,1,0,1,6,263,110
640,2021-03-23,1,0,1,0,1,0,1,1,1,0,0,0,6,283,126
641,2021-05-12,1,1,0,1,0,0,1,1,0,0,1,0,6,195,295
642,2020-11-05,0,0,1,1,1,0,0,1,0,1,1,1,7,249,37
643,2021-03-11,0,0,0,0,0,1,1,1,1,0,1,1,6,108,600
644,2021-08-12,1,0,0,0,1,0,1,1,0,1,0,1,6,79,541
645,2021-01-22,1,0,1,0,0,1,0,1,0,1,1,1,7,65,276
646,2021-06-22,1,1,1,0,0,1,1,0,0,0,1,0,6,42,978
647,2021-06-07,1,1,1,0,0,1,1,0,0,0,1,0,6,186,965
648,2021-06-20,0,0,1,0,1,0,1,1,0,0,1,0,5,275,29
649,2021-04-10,1,0,0,1,1,0,1,0,1,1,0,1,7,229,128
650,2020-12-20,0,0,1,1,1,0,0,1,1,1,0,0,6,68,64
651,2020-10-03,1,1,1,1,1,1,1,0,0,0,1,0,8,70,164
652,2020-11-09,1,1,0,0,1,1,0,1,1,1,0,1,8,110,479
653,2021-08-12,0,0,0,0,1,0,1,0,1,1,1,1,6,286,508
654,2021-06-29,0,0,0,0,0,1,1,1,0,0,0,1,4,2,256
655,2020-11-27,1,1,0,0,1,0,0,0,1,0,1,1,6,90,809
656,2020-10-26,1,1,1,1,1,1,0,0,1,1,1,1,10,206,429
657,2020-09-29,1,1,1,0,0,1,1,1,1,1,0,0,8,94,119
658,2021-01-24,0,1,0,0,0,0,1,1,0,0,0,1,4,96,68
659,2021-08-08,1,1,1,1,0,1,1,1,1,0,0,1,9,76,710
660,2021-04-23,1,1,0,1,0,1,1,0,1,1,1,1,9,194,700
661,2021-09-06,0,0,0,0,0,0,1,1,0,0,0,1,3,201,852
662,2021-06-27,0,1,0,1,1,0,1,0,0,0,1,0,5,50,527
663,2021-09-14,1,0,1,1,0,0,0,0,0,0,1,1,5,180,432
664,2020-11-30,1,1,0,0,0,1,0,1,1,0,1,1,7,110,775
665,2020-11-27,1,1,1,1,1,0,0,1,1,1,1,1,10,74,252
666,2021-05-03,0,1,1,0,1,0,0,0,1,0,0,1,5,30,12
667,2021-04-22,1,1,1,0,0,1,1,1,0,0,1,1,8,176,845
668,2021-05-07,0,1,1,0,1,0,1,0,0,1,0,1,6,267,220
669,2021-06-10,0,0,1,0,1,1,0,0,1,1,1,0,6,266,44
670,2021-03-23,1,0,0,0,0,1,1,1,1,0,0,1,6,187,251
671,2021-04-29,0,1,0,1,0,1,0,0,0,1,1,0,5,24,203
672,2021-09-21,1,1,0,0,0,1,1,0,1,0,1,1,7,165,857
673,2021-09-17,0,1,0,1,0,1,1,1,1,1,1,0,8,100,698
674,2020-10-07,1,1,1,1,0,1,0,1,1,1,0,0,8,73,689
675,2020-10-21,0,0,1,1,1,0,0,0,1,0,1,0,5,90,1000
676,2020-12-23,1,1,1,1,0,0,1,1,0,1,1,1,9,201,574
677,2020-10-31,0,1,0,0,1,0,1,0,0,1,0,1,5,51,899
678,2020-10-06,1,0,0,0,1,0,0,1,1,0,0,1,5,125,980
679,2021-03-08,0,0,0,1,0,0,1,1,1,1,0,1,6,197,566
680,2021-04-30,0,0,1,0,0,1,0,0,0,1,1,0,4,130,277
681,2021-05-13,0,0,1,0,0,0,1,0,0,0,1,0,3,177,975
682,2021-06-19,0,0,0,1,0,1,1,1,1,0,1,1,7,107,368
683,2021-09-19,0,0,0,0,0,0,1,1,0,0,1,0,3,264,596
684,2021-08-09,1,0,1,0,1,1,0,1,1,1,0,0,7,111,416
685,2020-10-25,1,0,0,0,1,1,1,1,0,1,1,0,7,233,130
686,2021-06-24,1,1,1,1,0,0,0,0,1,1,0,0,6,28,241
687,2021-07-17,0,1,1,0,0,1,0,1,1,1,1,1,8,109,919
688,2021-04-10,0,0,0,1,0,0,1,0,0,1,1,0,4,119,94
689,2021-02-08,1,1,0,1,1,0,0,0,1,0,1,0,6,140,447
690,2021-07-18,1,1,1,1,1,0,0,0,1,0,1,1,8,274,146
691,2020-10-28,1,1,1,1,0,0,1,0,0,1,0,1,7,173,149
692,2021-02-28,1,0,1,1,0,1,1,0,1,0,1,0,7,253,752
693,2020-12-22,0,0,0,0,1,1,1,0,0,0,1,1,5,214,473
694,2021-04-16,1,0,0,0,1,1,0,1,0,0,0,1,5,112,361
695,2021-01-01,0,0,0,1,1,1,1,1,1,0,1,0,7,120,155
696,2021-06-26,1,1,1,1,0,0,0,1,0,0,1,0,6,160,295
697,2021-09-14,1,0,0,1,0,1,1,1,1,0,1,0,7,3,9
698,2021-09-23,1,0,1,1,0,0,0,1,1,0,0,1,6,67,365
699,2021-03-31,0,1,0,0,0,0,1,0,0,1,0,1,4,32,130
700,2021-01-24,1,0,1,0,1,1,0,0,1,0,0,0,5,284,742
701,2021-09-20,1,0,0,0,1,0,1,1,0,1,1,1,7,75,236
702,2020-10-05,0,1,1,1,1,0,1,0,1,0,0,0,6,214,927
703,2021-09-14,1,1,0,1,1,0,1,0,0,1,1,1,8,113,784
704,2020-12-13,0,1,0,1,0,0,0,1,0,0,0,1,4,252,65
705,2021-09-15,1,0,1,0,1,1,1,1,0,1,0,1,8,115,932
706,2021-04-11,0,1,1,0,1,0,1,1,0,0,1,1,7,175,414
707,2021-07-03,0,0,1,1,1,0,1,0,0,0,0,0,4,258,585
708,2021-04-24,0,1,1,0,0,0,1,0,1,0,0,0,4,227,562
709,2020-10-27,0,1,1,1,1,1,0,1,1,0,1,0,8,248,92
710,2021-06-15,1,1,0,1,1,1,1,0,0,0,1,0,7,72,19
711,2021-01-24,1,0,0,0,0,1,0,0,0,1,0,1,4,229,795
712,2021-02-11,1,0,1,0,1,1,0,0,0,1,0,0,5,130,827
713,2020-11-26,1,1,0,1,0,1,1,0,1,0,1,1,8,182,724
714,2021-03-05,1,0,0,0,1,0,0,1,1,1,0,1,6,159,669
715,2021-01-08,1,0,1,1,1,0,0,1,0,1,1,1,8,146,657
716,2021-07-29,1,0,0,0,0,1,0,0,0,1,1,1,5,10,147
717,2021-02-17,0,1,0,1,1,1,1,0,0,0,1,1,7,262,367
718,2021-01-25,1,1,0,1,1,1,0,1,1,0,0,1,8,5,259
719,2021-08-22,1,1,0,1,1,0,1,1,0,0,0,1,7,22,992
720,2021-04-27,0,0,1,1,0,1,1,0,0,1,0,0,5,62,451
721,2021-09-11,1,1,0,0,1,0,0,0,1,0,0,0,4,218,236
722,2020-10-29,1,0,1,0,1,1,1,1,1,1,0,1,9,248,135
723,2021-07-19,1,0,0,1,1,1,1,0,0,1,1,1,8,189,676
724,2021-07-11,0,0,0,1,1,1,1,0,1,0,0,0,5,197,941
725,2021-04-02,1,1,0,0,0,0,0,0,0,1,1,1,5,39,751
726,2021-02-09,0,0,1,1,0,1,0,0,1,1,0,1,6,165,940
727,2020-11-12,1,1,0,0,0,0,0,1,0,0,0,0,3,175,520
728,2021-08-19,1,1,0,0,1,0,1,0,1,0,1,0,6,82,90
729,2021-03-26,0,0,1,1,0,0,1,1,0,0,1,1,6,224,57
730,2021-02-11,0,0,0,1,0,0,1,1,1,1,0,1,6,107,560
731,2021-03-23,1,1,0,1,0,0,1,0,1,1,0,1,7,181,859
732,2021-06-05,1,1,0,0,1,0,1,0,1,0,0,0,5,140,203
733,2021-04-09,0,0,1,1,1,1,0,0,0,1,0,1,6,299,910
734,2021-01-16,0,1,1,1,0,1,0,0,1,0,1,0,6,121,721
735,2021-01-06,1,0,0,0,1,0,0,0,1,0,1,1,5,17,976
736,2021-01-27,0,0,0,0,1,1,1,0,0,0,1,0,4,74,608
737,2021-03-03,0,1,0,1,0,0,0,1,1,1,1,0,6,283,545
738,2021-01-04,1,0,0,0,0,1,0,0,1,1,0,0,4,254,939
739,2021-02-13,0,0,1,0,0,0,1,0,0,0,1,1,4,159,82
740,2021-05-12,1,0,1,0,1,0,1,1,0,1,0,0,6,256,487
741,2021-01-28,0,1,0,1,1,0,0,1,1,1,0,1,7,279,802
742,2021-09-16,0,1,1,0,0,1,1,1,1,0,1,1,8,121,538
743,2021-07-06,0,0,1,1,0,0,0,1,1,1,1,1,7,138,681
744,2020-12-10,1,0,0,1,0,1,1,0,0,1,1,1,7,245,1000
745,2021-06-09,0,0,1,1,1,0,1,1,1,0,0,0,6,43,813
746,2020-10-21,0,0,1,1,1,0,1,0,0,1,0,0,5,299,952
747,2021-08-06,0,0,1,1,1,0,1,0,0,0,0,1,5,249,363
748,2021-07-08,0,0,0,0,1,1,1,1,1,0,1,1,7,142,396
749,2020-12-05,0,0,0,0,1,0,1,1,0,0,1,1,5,23,743
750,2021-03-06,0,0,1,0,0,0,1,1,1,0,1,1,6,125,345
751,2021-01-11,0,0,0,0,1,0,1,1,0,0,0,1,4,196,339
752,2020-09-29,1,0,0,1,1,0,0,1,1,0,1,1,7,35,133
753,2021-07-24,1,0,1,0,0,1,0,1,0,1,1,0,6,136,138
754,2021-08-03,0,1,1,0,0,1,1,1,0,1,0,1,7,128,116
755,2020-12-09,1,0,0,1,1,1,0,0,1,1,0,1,7,25,609
756,2021-05-19,1,1,0,0,1,1,1,1,0,1,1,1,9,85,782
757,2021-08-15,0,1,1,1,0,1,0,0,1,1,1,0,7,91,424
758,2021-04-13,1,1,0,1,1,0,1,1,0,0,1,1,8,236,501
759,2021-06-15,0,0,1,1,1,0,0,0,0,0,0,0,3,80,365
760,2021-01-15,1,1,1,0,0,0,1,1,0,0,0,0,5,83,538
761,2021-01-26,1,1,0,0,0,1,1,0,1,1,1,0,7,194,27
762,2021-08-22,1,0,0,0,0,1,0,1,1,0,1,1,6,30,23
763,2021-06-13,1,0,1,0,0,1,0,1,0,1,0,1,6,195,272
764,2021-01-30,0,0,0,0,1,1,1,0,1,1,0,0,5,110,917
765,2021-07-12,0,0,1,1,0,0,0,1,1,1,1,0,6,300,326
766,2021-05-06,0,1,1,1,1,0,0,0,0,0,1,1,6,135,128
767,2020-10-25,1,1,1,1,1,1,1,0,0,1,0,0,8,290,58
768,2021-03-29,0,0,0,1,1,1,0,0,0,0,0,0,3,51,27
769,2021-08-29,0,1,0,1,1,1,0,1,1,0,0,0,6,258,394
770,2021-02-11,0,1,0,0,1,1,0,1,0,0,1,0,5,209,898
771,2021-08-29,0,1,0,0,0,0,1,0,0,0,1,0,3,55,973
772,2020-10-07,1,0,0,1,0,1,1,0,0,0,1,0,5,239,326
773,2021-07-22,0,1,0,1,0,0,0,1,1,0,1,1,6,300,585
774,2021-02-26,0,0,0,0,1,1,1,0,1,0,0,0,4,108,314
775,2021-05-03,1,0,1,0,1,0,0,0,1,0,1,0,5,35,206
776,2021-06-24,0,1,1,0,0,0,1,1,0,1,0,0,5,48,65
777,2021-01-13,0,1,1,1,0,1,1,1,0,0,1,1,8,274,126
778,2020-10-27,1,0,0,0,0,1,0,0,1,0,0,1,4,131,160
779,2021-04-10,1,0,0,1,1,1,0,0,0,1,0,0,5,165,903
780,2021-07-30,1,1,0,0,1,0,1,0,1,1,0,0,6,171,141
781,2021-04-16,0,1,0,1,0,0,0,1,0,0,1,0,4,151,538
782,2021-02-12,1,1,0,1,1,1,1,1,0,0,0,0,7,71,304
783,2021-03-14,0,1,1,1,1,1,1,0,0,1,1,0,8,72,777
784,2021-04-01,0,0,1,0,1,1,0,0,1,1,1,1,7,87,434
785,2021-08-09,0,1,0,0,0,1,1,0,0,0,1,1,5,28,884
786,2021-04-04,1,1,1,0,0,1,0,0,1,0,1,0,6,246,277
787,2020-10-02,1,0,0,1,1,1,1,0,1,1,1,1,9,233,726
788,2021-01-26,0,1,0,0,1,1,1,0,1,1,1,0,7,70,9
789,2021-05-04,0,1,0,1,1,0,1,1,1,0,0,0,6,283,535
790,2020-10-01,0,0,1,0,0,1,0,1,1,0,0,0,4,281,593
791,2020-12-15,0,0,0,0,0,1,0,0,0,0,1,0,2,124,530
792,2021-01-19,1,0,1,1,1,1,0,0,0,1,0,0,6,188,544
793,2020-11-26,1,0,0,1,0,1,0,1,0,1,1,1,7,124,8
794,2021-04-27,1,0,0,1,1,0,1,1,1,0,1,1,8,27,908
795,2021-04-03,0,1,0,0,1,1,0,0,1,1,1,1,7,68,981
796,2020-11-09,1,0,1,1,0,0,1,1,1,1,1,1,9,174,229
797,2020-11-23,0,0,1,1,1,0,1,1,1,0,0,0,6,218,274
798,2020-12-07,0,0,1,0,1,1,1,0,0,1,1,0,6,181,82
799,2021-08-31,0,1,1,0,0,0,0,0,1,0,1,1,5,171,396
800,2020-11-13,1,1,0,0,1,1,1,1,1,0,1,0,8,94,856
801,2021-04-23,1,0,0,0,0,0,0,0,1,0,1,1,4,79,389
802,2021-03-25,1,1,1,1,1,1,0,1,1,0,0,1,9,221,265
803,2021-02-10,0,1,0,1,1,1,1,0,1,0,0,1,7,215,711
804,2020-10-05,1,0,0,1,1,0,0,0,0,1,1,1,6,102,952
805,2021-09-16,0,0,0,0,0,0,1,1,0,0,0,0,2,117,811
806,2021-01-03,0,0,1,1,0,0,0,0,1,1,0,0,4,234,99
807,2021-03-02,1,0,1,0,0,1,1,0,0,1,1,1,7,243,784
808,2020-10-31,0,0,1,1,1,0,1,1,0,0,0,0,5,285,384
809,2021-02-12,1,1,1,1,1,0,1,1,0,0,0,0,7,299,98
810,2021-03-24,0,0,1,0,0,1,0,1,1,0,0,1,5,192,208
811,2021-05-31,0,1,1,0,0,0,1,0,0,0,0,0,3,190,504
812,2021-08-04,1,0,0,0,1,1,0,1,0,1,0,0,5,90,619
813,2021-02-27,0,1,0,1,1,0,1,1,1,1,1,1,9,151,275
814,2020-10-10,1,1,0,1,0,0,1,1,0,1,0,1,7,125,178
815,2021-06-11,0,1,1,1,0,1,1,0,1,0,0,1,7,231,818
816,2021-01-23,0,1,1,0,0,0,1,1,0,1,1,0,6,73,480
817,2020-12-16,0,0,1,0,1,0,1,0,1,0,0,1,5,37,497
818,2021-07-18,1,1,0,1,1,0,1,1,0,1,0,0,7,49,47
819,2020-10-17,0,0,1,0,0,0,1,0,0,1,0,0,3,87,526
820,2020-10-27,1,0,1,1,0,0,1,1,1,1,1,1,9,185,751
821,2021-05-14,0,1,1,0,1,1,1,0,0,1,1,1,8,41,381
822,2021-01-13,0,1,0,0,1,0,1,0,0,0,0,0,3,107,598
823,2021-08-19,0,1,0,0,0,1,1,0,1,1,1,0,6,177,777
824,2021-01-11,0,1,1,1,1,0,0,0,1,1,1,1,8,31,996
825,2020-12-18,1,1,1,1,0,0,1,1,0,1,1,0,8,197,423
826,2021-09-19,1,0,1,0,0,0,1,1,1,1,0,1,7,28,674
827,2021-05-10,1,1,0,1,1,1,1,0,1,1,1,1,10,200,383
828,2021-07-05,1,1,0,1,0,1,1,1,1,1,0,0,8,234,368
829,2021-05-29,1,1,1,1,0,1,0,0,0,1,0,0,6,184,33
830,2020-12-06,1,1,1,1,0,1,1,0,1,0,1,1,9,203,192
831,2021-04-14,0,0,0,0,1,0,1,0,1,0,0,1,4,293,199
832,2021-02-26,0,1,1,1,0,0,1,1,0,1,1,0,7,221,430
833,2021-03-27,0,1,1,1,1,1,0,0,1,1,0,0,7,129,455
834,2021-04-24,0,1,1,1,0,0,0,1,0,1,1,0,6,243,411
835,2021-06-25,0,0,0,0,1,0,0,0,0,0,1,1,3,218,570
836,2021-01-11,1,0,1,1,0,0,1,1,1,1,1,0,8,247,287
837,2021-01-01,0,1,1,1,0,0,0,1,0,0,1,0,5,89,986
838,2021-08-11,0,1,1,1,1,0,0,0,1,1,1,1,8,70,58
839,2020-11-07,0,1,1,1,1,0,0,1,0,1,0,0,6,295,967
840,2021-02-25,0,0,0,1,1,1,0,1,0,0,0,0,4,50,644
841,2020-12-05,0,0,1,0,0,0,1,0,0,0,1,1,4,106,311
842,2021-04-07,1,1,0,1,1,1,1,1,1,0,0,0,8,5,687
843,2021-07-25,0,1,0,0,1,0,1,0,1,0,1,0,5,203,61
844,2020-10-30,0,1,0,0,0,1,1,1,1,1,0,0,6,281,23
845,2020-12-05,1,0,0,0,1,1,1,1,0,0,1,1,7,221,704
846,2021-07-28,1,1,1,0,1,1,0,1,1,0,1,1,9,33,351
847,2021-07-02,0,1,1,0,0,1,0,1,1,0,0,0,5,70,391
848,2021-08-25,1,0,1,1,0,0,1,0,0,1,0,0,5,292,107
849,2021-02-18,1,0,0,0,1,0,1,0,1,0,1,0,5,5,304
850,2021-05-20,1,0,1,1,1,1,0,0,0,1,1,1,8,107,227
851,2021-03-09,1,0,0,1,0,0,0,1,1,0,1,0,5,204,446
852,2020-09-25,1,0,1,0,1,1,1,0,1,0,1,1,8,46,15
853,2020-12-29,1,1,0,0,1,1,0,1,1,0,1,1,8,77,45
854,2021-07-10,1,0,1,0,1,1,0,1,0,0,0,1,6,131,905
855,2021-09-12,0,1,0,1,1,1,0,1,1,0,0,1,7,94,121
856,2021-05-19,0,0,1,0,1,1,1,0,1,0,1,0,6,274,485
857,2021-04-17,1,1,0,0,0,1,0,0,1,0,0,0,4,205,90
858,2021-01-13,1,0,0,1,0,0,1,0,0,1,0,0,4,267,454
859,2020-11-21,0,1,1,0,0,1,1,1,0,1,0,0,6,27,326
860,2021-08-12,1,0,1,0,0,0,1,1,1,0,1,1,7,286,753
861,2021-07-11,1,1,0,0,0,1,1,0,1,1,1,1,8,94,643
862,2021-02-01,1,0,0,0,1,0,1,1,0,1,1,0,6,83,468
863,2021-01-17,1,0,0,1,0,1,0,0,0,0,1,1,5,206,227
864,2021-06-27,1,0,0,1,1,0,0,0,0,0,1,1,5,281,203
865,2021-05-31,0,0,0,0,1,1,0,0,0,0,0,0,2,189,395
866,2021-04-11,1,0,0,1,0,0,1,0,0,0,0,0,3,119,884
867,2021-07-17,1,1,0,1,1,0,1,1,1,1,1,0,9,88,247
868,2021-01-10,0,1,1,1,1,1,1,1,0,0,0,1,8,32,245
869,2021-01-02,1,1,1,1,0,0,1,0,1,1,1,0,8,89,610
870,2021-05-06,1,1,0,0,0,0,0,1,0,1,1,1,6,235,393
871,2021-06-27,1,0,0,1,1,0,0,0,0,0,0,0,3,103,158
872,2020-10-03,0,0,0,0,1,1,0,0,1,1,1,0,5,81,122
873,2021-07-30,1,0,1,1,1,0,0,0,1,1,1,0,7,213,730
874,2020-10-22,0,1,0,0,1,0,1,0,0,0,1,0,4,191,931
875,2020-10-12,0,0,0,1,0,1,1,1,1,1,0,0,6,20,674
876,2021-05-23,1,0,0,0,0,0,0,1,1,1,0,1,5,285,408
877,2021-08-13,1,1,1,1,1,0,1,1,1,1,1,0,10,133,884
878,2021-02-18,1,0,1,0,0,1,1,1,0,1,1,1,8,5,683
879,2021-07-03,0,1,1,0,1,1,0,1,1,1,1,0,8,170,517
880,2021-03-05,0,1,1,0,0,1,0,0,1,1,1,1,7,192,750
881,2021-07-28,0,1,1,0,0,0,1,1,1,0,1,0,6,104,640
882,2021-07-30,0,0,0,0,0,1,0,1,0,1,0,0,3,95,651
883,2020-11-09,1,0,0,0,1,1,1,0,1,1,0,1,7,193,759
884,2021-05-23,0,1,1,1,0,1,0,1,1,1,1,0,8,115,695
885,2020-09-25,0,1,0,0,1,1,1,0,1,0,0,1,6,9,559
886,2021-02-06,0,1,1,0,0,1,0,0,0,1,0,0,4,278,872
887,2021-06-21,1,1,1,0,0,0,1,1,1,0,1,0,7,232,16
888,2021-04-16,1,1,0,1,0,1,1,0,0,1,0,1,7,68,135
889,2021-02-15,0,0,1,0,0,0,1,0,1,1,1,0,5,219,271
890,2021-04-24,0,0,1,0,1,1,1,1,1,1,1,0,8,57,558
891,2021-02-15,0,1,0,0,0,1,1,1,1,1,1,0,7,31,623
892,2021-04-06,0,0,0,1,0,1,1,1,1,1,0,1,7,249,275
893,2021-05-19,0,1,0,1,0,0,1,0,0,0,0,1,4,269,475
894,2021-06-26,0,1,0,0,0,0,1,1,1,0,1,1,6,81,821
895,2021-02-14,0,1,1,1,1,1,0,1,0,0,1,1,8,54,325
896,2021-07-05,0,1,0,1,0,1,1,1,0,0,0,0,5,144,974
897,2021-05-09,1,1,0,0,1,0,1,0,0,1,0,1,6,92,151
898,2021-08-01,0,1,0,0,1,0,0,1,1,0,0,1,5,174,293
899,2021-01-31,1,1,0,0,0,1,0,0,0,1,0,0,4,129,788
900,2021-03-02,1,0,1,0,0,1,1,1,0,1,1,1,8,44,352
901,2020-12-07,1,1,0,1,1,1,1,1,0,0,1,1,9,236,322
902,2021-07-18,0,0,0,1,1,1,0,1,1,1,0,1,7,259,740
903,2020-11-22,0,1,1,0,0,1,1,1,1,0,1,0,7,208,297
904,2021-02-27,1,0,0,1,0,1,1,0,0,1,0,1,6,44,127
905,2021-02-07,0,0,1,0,0,0,1,0,0,1,0,0,3,22,233
906,2020-10-16,0,0,0,0,1,0,0,0,1,1,1,0,4,225,626
907,2021-09-12,1,0,1,0,0,0,1,1,1,0,0,1,6,94,145
908,2021-06-16,1,1,0,1,0,1,1,1,1,1,1,1,10,261,535
909,2021-09-07,1,0,0,0,1,1,1,1,0,1,0,0,6,137,651
910,2021-08-13,1,1,0,0,1,1,0,1,0,0,1,1,7,129,993
911,2021-01-03,0,1,1,0,1,1,1,0,1,1,0,1,8,23,683
912,2020-10-06,1,0,1,1,0,1,1,1,0,1,1,1,9,150,519
913,2021-02-04,0,0,0,0,1,0,1,1,0,1,1,0,5,170,342
914,2020-11-20,1,0,0,0,1,0,1,1,0,1,1,1,7,133,309
915,2021-04-25,1,0,1,0,1,1,0,0,0,0,1,1,6,282,316
916,2021-03-14,0,0,1,1,1,0,0,1,1,0,1,0,6,227,754
917,2021-01-18,0,0,1,1,0,1,1,0,0,0,0,0,4,18,717
918,2020-09-29,1,1,0,1,0,1,1,0,0,0,0,1,6,240,874
919,2021-05-28,0,1,1,1,0,1,1,0,1,1,0,1,8,115,648
920,2021-04-26,1,1,1,1,0,0,1,1,1,1,0,1,9,262,600
921,2020-09-28,1,0,0,0,1,0,1,1,0,1,0,1,6,50,596
922,2020-09-29,1,1,0,0,0,1,0,0,0,0,0,0,3,264,819
923,2021-09-11,1,0,0,0,0,1,0,0,0,1,1,1,5,197,577
924,2021-08-27,0,1,1,0,0,0,1,0,1,0,1,0,5,215,866
925,2021-03-29,1,0,0,0,0,1,0,1,1,1,0,0,5,26,420
926,2021-03-18,1,0,1,0,0,1,0,1,1,1,0,1,7,69,686
927,2021-08-08,1,1,1,0,1,1,0,1,1,1,0,0,8,67,938
928,2021-06-18,1,0,0,1,0,1,0,1,1,1,1,0,7,32,336
929,2020-10-02,1,1,0,1,1,1,1,1,1,0,1,1,10,24,844
930,2021-07-18,1,0,0,0,1,1,1,0,1,1,1,0,7,171,499
931,2021-03-16,0,0,0,0,0,1,1,1,0,0,1,1,5,125,149
932,2021-03-07,0,0,1,1,1,0,0,0,0,0,1,0,4,182,280
933,2021-06-27,0,0,1,1,0,0,0,1,1,1,0,0,5,94,828
934,2020-11-23,0,0,1,1,1,0,0,0,0,1,0,0,4,62,304
935,2021-07-28,1,1,0,1,0,1,0,0,0,1,0,0,5,33,533
936,2021-04-03,0,0,0,1,1,0,0,1,0,0,1,1,5,279,444
937,2021-09-21,1,1,0,0,1,0,1,1,1,1,0,0,7,216,477
938,2021-06-30,1,1,1,1,0,1,1,0,1,0,1,1,9,57,375
939,2021-06-29,1,1,1,1,1,0,1,0,1,1,1,0,9,220,198
940,2021-02-23,0,0,0,0,1,0,1,1,1,1,0,0,5,274,289
941,2021-07-01,0,0,1,1,0,0,0,1,0,1,1,1,6,112,658
942,2021-07-30,1,1,0,0,1,1,1,0,1,1,1,0,8,23,365
943,2020-12-24,0,0,1,1,1,0,1,0,0,1,1,0,6,57,173
944,2021-01-21,0,1,0,1,1,1,0,1,0,1,0,1,7,268,937
945,2021-06-07,0,0,0,1,0,0,1,0,1,0,0,1,4,14,360
946,2021-09-20,1,0,1,1,0,0,0,1,0,1,1,1,7,293,263
947,2021-01-08,0,0,1,1,1,0,1,1,0,0,0,1,6,111,501
948,2021-02-07,1,1,0,0,0,0,0,1,0,1,1,1,6,41,372
949,2020-11-14,0,0,0,1,1,1,1,0,1,0,0,1,6,55,305
950,2021-02-21,1,1,0,0,1,0,1,0,1,0,1,0,6,26,518
951,2021-09-14,0,1,1,1,0,0,0,0,1,1,0,1,6,2,247
952,2021-02-19,1,1,1,1,0,1,1,0,1,1,0,0,8,179,471
953,2021-06-02,1,1,1,1,1,1,0,0,0,0,0,1,7,14,394
954,2021-08-04,0,0,1,0,0,1,1,0,1,1,1,1,7,142,590
955,2020-11-30,0,1,1,0,1,0,1,1,1,0,0,1,7,23,100
956,2021-03-01,1,0,0,0,0,0,1,1,1,1,0,1,6,299,511
957,2021-08-16,1,0,1,1,0,0,0,0,1,1,1,0,6,88,347
958,2020-11-25,0,0,0,0,1,0,0,1,1,1,0,1,5,29,545
959,2021-09-21,0,1,0,1,1,0,1,1,1,1,1,0,8,238,845
960,2020-10-23,0,1,1,1,0,0,1,0,1,1,1,1,8,203,371
961,2020-12-22,0,1,1,1,1,1,1,1,1,0,1,1,10,288,54
962,2021-07-04,1,0,0,1,0,0,1,0,1,1,1,1,7,22,922
963,2021-08-18,1,1,1,1,1,0,1,0,1,0,0,1,8,176,475
964,2020-09-30,1,1,1,1,1,1,1,1,0,1,1,0,10,300,684
965,2021-07-15,1,0,0,1,0,1,1,0,0,1,0,1,6,295,809
966,2020-12-01,0,1,1,0,1,0,0,1,0,0,0,0,4,233,616
967,2020-10-13,0,1,1,0,1,1,0,1,1,0,0,1,7,12,70
968,2021-08-01,0,0,1,0,0,1,0,0,1,1,0,1,5,146,286
969,2020-12-17,0,0,0,1,0,0,1,1,0,1,1,1,6,174,531
970,2020-10-29,0,0,0,1,1,0,1,0,0,1,0,1,5,2,735
971,2020-10-29,0,1,1,0,0,1,1,1,1,1,1,0,8,88,493
972,2020-12-03,0,0,1,1,1,1,0,0,1,0,0,0,5,214,788
973,2021-08-06,1,1,0,0,1,1,1,1,0,1,0,0,7,182,300
974,2021-06-09,0,1,0,1,0,1,0,0,0,1,1,1,6,240,475
975,2020-10-31,1,1,0,0,1,1,1,1,1,1,1,0,9,232,119
976,2021-09-10,1,0,1,0,0,0,0,0,1,1,1,0,5,68,937
977,2021-08-27,1,1,0,0,0,0,0,0,1,0,0,0,3,53,490
978,2021-04-15,0,1,0,0,1,1,0,1,1,0,1,1,7,279,197
979,2021-09-11,1,0,0,1,1,0,1,1,1,1,0,1,8,176,168
980,2021-04-24,1,0,0,1,0,0,0,0,0,1,1,1,5,81,751
981,2021-02-04,0,1,1,1,1,1,1,1,1,0,1,1,10,41,719
982,2020-10-21,1,1,0,1,1,1,1,0,1,1,0,0,8,220,337
983,2020-11-25,1,1,0,0,0,0,1,1,1,0,0,0,5,14,633
984,2021-09-01,1,1,1,1,0,1,0,1,0,1,1,1,9,10,778
985,2021-04-07,0,1,1,0,0,1,0,1,1,0,0,1,6,267,173
986,2020-12-20,1,1,1,1,1,1,1,1,1,0,0,0,9,51,159
987,2021-03-05,1,0,1,0,0,1,1,1,1,1,0,1,8,287,405
988,2021-01-11,0,0,1,0,1,0,1,1,1,1,0,0,6,292,232
989,2020-10-17,0,1,0,1,0,1,0,1,1,1,1,1,8,296,668
990,2021-08-10,1,0,0,0,0,1,1,1,1,0,1,1,7,179,811
991,2021-05-17,1,0,1,1,0,0,0,1,1,1,1,1,8,17,832
992,2021-03-28,0,0,1,1,1,0,0,1,0,0,0,1,5,138,607
993,2021-02-08,0,1,1,0,0,1,0,0,0,1,0,1,5,72,149
994,2021-08-05,0,1,0,1,1,0,0,0,1,1,0,0,5,76,117
995,2020-12-26,1,0,0,0,1,0,1,1,0,0,0,1,5,77,223
996,2020-12-20,1,0,0,1,1,0,1,0,1,1,0,1,7,194,167
997,2021-08-09,0,0,0,1,1,0,0,1,1,0,0,1,5,170,363
998,2020-10-21,0,0,0,1,1,0,0,1,1,0,0,0,4,286,979
999,2021-01-11,1,0,0,0,1,0,1,0,1,0,1,1,6,227,602
1000,2021-03-22,1,0,1,0,0,1,0,1,0,1,0,1,6,169,215