zip_code_id,region,zip_code,white,black,asian,american_indian,native_hawaiian,other,LGBTQ+
1,AL,35805,4.92,27.15,14.18,26.85,16.81,15.32,27.96
2,CA,95173,27.19,25.81,29.79,4.15,25.11,27.78,26.95
3,NC,28299,26.26,18.35,26.12,25.36,13.78,4.05,9.7
4,CA,90510,20.5,8.7,22.43,24.01,3.14,1.06,42.65
5,TX,75221,8.42,23.52,27.83,23.25,19.01,7.15,43.72
6,SC,29203,7.31,24.59,3.55,6.43,18.22,9.55,29.09
7,OH,45249,16.7,25.45,7.71,29.77,23.45,7.29,26.73
8,TX,77075,6.44,25.33,8.0,12.65,19.88,25.05,28.55
9,NY,10249,4.32,21.65,8.68,7.17,1.47,2.78,17.24
10,CA,95118,16.6,19.04,25.02,26.09,18.63,18.65,29.37
11,IN,46862,13.33,2.51,27.76,26.15,14.1,22.87,17.22
12,TX,77245,21.8,10.69,3.31,16.64,29.33,18.9,39.38
13,LA,70187,5.03,16.79,23.02,9.45,24.89,29.0,11.0
14,IN,47747,11.16,18.61,22.2,10.54,28.49,29.95,5.4
15,LA,70593,10.66,1.98,4.91,9.35,19.7,14.55,37.72
16,CA,94273,18.67,8.59,1.91,24.58,10.7,27.82,47.31
17,NC,28205,26.17,16.01,11.33,11.22,13.18,27.67,30.67
18,TX,78710,9.23,9.66,14.85,22.31,23.84,18.47,48.69
19,NM,88006,4.27,19.93,17.96,13.8,21.07,23.34,32.3
20,WV,25389,22.17,13.94,2.52,21.71,20.54,16.21,25.14
21,IL,60351,4.06,17.91,8.44,6.95,13.11,29.79,46.85
22,CA,92725,16.7,14.95,24.55,14.96,15.14,19.25,23.81
23,IL,62525,15.95,29.89,26.78,10.59,10.72,27.09,33.91
24,MI,48901,19.63,26.83,26.87,15.09,16.07,29.63,20.17
25,NY,12262,14.77,23.95,5.11,26.9,4.79,2.33,16.27
26,WA,98109,14.91,24.94,19.74,1.37,10.39,13.17,28.37
27,GA,30328,12.06,1.43,16.65,7.25,14.8,15.58,39.16
28,OH,45440,10.59,9.91,9.6,27.34,3.3,23.16,4.72
29,CA,93311,11.48,5.98,18.22,12.18,8.97,19.24,41.27
30,NV,89110,13.3,3.79,13.39,24.07,16.24,2.43,9.8
31,MI,48126,28.29,26.74,4.54,13.81,8.38,22.38,29.96
32,NY,11024,23.28,7.49,17.25,15.85,11.98,20.61,42.25
33,CA,90035,6.13,22.77,28.6,22.95,13.75,21.4,22.45
34,VA,22212,24.31,12.35,1.01,9.29,10.13,28.83,29.85
35,CO,81505,26.05,28.5,9.83,16.63,20.55,14.45,34.04
36,GA,31704,6.93,4.26,12.61,3.92,28.46,9.15,23.82
37,NC,27409,21.64,5.99,15.47,14.53,7.71,15.09,29.56
38,IL,61656,11.09,22.46,23.52,23.1,12.36,21.3,16.5
39,NY,11254,23.65,18.78,23.02,25.37,16.21,13.03,29.47
40,FL,32255,19.6,28.03,24.79,8.58,3.62,10.83,34.19
41,NY,11205,20.96,8.23,15.22,4.14,27.87,21.0,38.81
42,NY,14683,18.05,1.42,25.36,16.54,16.36,12.0,20.46
43,NV,89155,16.22,23.03,27.49,20.48,28.79,28.87,10.98
44,CO,80920,26.77,7.95,3.67,13.73,12.91,11.35,21.35
45,TX,77806,28.62,25.98,19.06,5.82,24.92,18.73,1.63
46,FL,33421,8.76,20.04,12.91,22.44,17.21,5.51,37.74
47,CA,92645,28.71,24.41,18.87,15.18,5.74,24.08,18.01
48,IL,60158,17.65,24.97,26.97,16.24,26.33,20.43,10.5
49,CA,90405,26.26,9.98,6.75,10.14,6.69,23.2,35.56
50,TX,76310,22.58,13.15,23.6,1.98,28.83,27.52,19.82
51,CO,80951,10.25,8.99,11.85,17.3,23.73,15.84,7.14
52,TX,77343,23.57,2.52,26.88,9.26,18.09,26.0,2.44
53,GA,30306,6.4,2.11,25.78,28.09,25.44,6.84,17.51
54,IA,50369,3.83,15.65,6.61,9.15,9.5,23.36,48.57
55,CO,80255,8.63,17.8,13.43,12.63,18.0,2.97,9.31
56,FL,32255,10.71,10.32,15.69,27.51,27.77,26.45,22.85
57,CT,06538,12.13,18.18,24.48,29.43,1.62,21.01,29.2
58,TX,75251,19.16,24.95,19.48,25.67,5.72,23.24,21.16
59,AL,35295,13.2,8.51,20.12,4.59,26.26,5.23,39.4
60,CA,91109,14.93,16.08,12.06,15.01,25.38,12.3,19.82
61,CA,94605,26.65,25.87,18.45,6.38,7.63,8.48,12.77
62,FL,32919,4.89,1.63,25.59,2.17,7.81,9.93,13.41
63,FL,33610,4.33,12.79,17.85,4.3,8.11,14.08,44.3
64,TX,78210,26.44,15.89,10.14,27.59,19.38,15.86,29.74
65,IN,46207,17.3,18.02,19.53,12.74,23.39,5.9,12.32
66,MO,64130,20.41,16.81,9.67,20.34,12.66,22.24,26.03
67,AZ,85260,13.67,2.66,26.84,9.51,11.16,5.23,18.33
68,VA,22093,23.97,9.99,13.71,9.79,10.35,7.18,23.82
69,CA,92835,1.68,6.91,14.57,29.23,6.5,6.74,42.4
70,CO,81015,14.56,2.22,17.18,7.32,29.36,24.2,29.32
71,FL,34629,17.99,16.31,15.49,16.7,8.8,8.46,23.54
72,OR,97240,26.33,22.11,23.07,22.18,22.54,12.1,16.41
73,MD,21203,19.88,23.76,18.43,14.96,28.6,15.29,9.36
74,DC,20370,12.04,25.8,13.67,6.54,7.4,19.02,24.01
75,CA,95973,15.96,19.56,4.05,12.83,13.23,15.08,17.59
76,AL,36104,9.39,18.86,24.01,1.12,8.81,1.3,19.51
77,TX,79171,2.52,18.91,20.02,25.16,27.37,18.87,4.96
78,PA,17105,6.74,2.29,6.26,4.75,18.7,21.43,18.73
79,OK,73071,24.98,7.04,26.31,10.77,3.94,23.3,30.39
80,FL,33610,19.33,28.51,8.38,11.78,23.08,3.4,10.37
81,NC,28410,21.34,2.17,21.64,14.46,6.6,3.61,46.1
82,GA,30610,19.02,1.77,2.83,10.02,16.14,8.58,39.61
83,PA,15279,17.7,18.12,11.38,10.01,3.49,7.75,17.55
84,NC,27705,5.84,9.79,6.7,4.33,17.62,5.06,22.45
85,NY,11470,10.1,16.57,27.32,17.96,6.58,13.96,17.24
86,MN,55564,14.59,27.76,11.32,17.39,16.53,18.78,46.53
87,IA,50393,4.09,21.96,19.36,9.08,20.64,28.1,20.96
88,PA,15205,19.72,9.09,15.91,24.71,17.8,6.44,37.3
89,CA,92110,7.74,29.53,4.79,5.22,6.89,14.06,21.42
90,IN,46862,9.13,26.41,22.48,13.78,15.54,15.46,12.37
91,MI,48912,1.37,12.73,8.49,27.78,6.4,10.51,20.49
92,LA,70836,6.51,1.19,10.16,2.1,26.96,27.6,43.73
93,AL,36195,29.6,29.61,22.07,11.87,21.52,19.24,19.98
94,DC,56944,19.91,20.94,28.31,18.94,8.22,16.65,4.21
95,AK,99709,28.23,28.37,25.64,27.21,21.26,23.8,6.48
96,FL,32128,17.15,29.08,24.71,3.84,25.41,18.1,1.08
97,IA,50310,23.36,3.31,21.72,10.97,25.9,25.33,33.07
98,CA,94263,26.89,17.86,13.37,19.4,28.45,3.38,15.45
99,DC,20409,2.69,20.87,21.19,19.07,3.97,25.45,9.0
100,OK,73157,17.33,3.59,29.94,1.23,23.08,26.93,15.92
101,CA,94286,4.73,27.05,2.8,25.97,27.64,5.21,28.85
102,CA,94257,12.76,15.25,7.69,8.94,3.32,27.38,30.16
103,MA,02142,20.11,1.37,4.38,3.91,3.95,20.55,47.87
104,OH,44760,12.21,6.47,8.13,14.9,24.36,4.7,43.61
105,DC,20392,29.52,18.87,10.66,12.84,13.6,10.57,16.24
106,NV,89130,12.81,27.66,4.89,1.73,18.53,28.23,8.79
107,KY,40581,21.99,3.27,7.0,11.06,8.51,7.8,42.86
108,AL,35290,26.9,3.6,1.71,11.01,14.77,10.39,38.55
109,DC,20220,20.89,24.65,22.42,8.92,18.65,25.35,29.76
110,SD,57105,28.25,29.55,9.58,21.61,24.24,8.92,25.07
111,CA,92862,10.56,22.48,12.28,4.44,29.32,23.9,49.33
112,OH,43268,16.77,14.5,15.67,6.78,10.25,29.18,26.09
113,NY,11447,4.64,3.63,29.14,1.47,27.83,15.1,7.72
114,PA,19136,23.78,29.9,12.58,3.99,11.84,18.06,20.65
115,AZ,85284,23.08,4.87,8.94,11.04,2.38,6.53,16.13
116,VA,23285,18.84,25.55,25.99,16.6,23.71,12.55,18.26
117,FL,33742,28.75,29.6,11.36,27.72,12.69,17.18,15.11
118,CA,93591,24.63,10.93,13.47,29.57,2.24,28.85,22.25
119,AR,72199,15.98,23.86,26.6,8.43,2.72,20.29,36.13
120,WA,98148,19.28,21.86,17.66,15.15,14.99,22.98,6.29
121,NY,10090,27.72,1.38,22.88,19.52,17.71,13.61,32.51
122,OH,44315,23.47,7.92,10.26,8.97,25.02,6.7,18.65
123,TX,79955,12.13,25.31,5.94,23.02,28.57,22.48,22.74
124,TX,79984,11.01,6.52,6.45,17.48,7.04,18.87,46.54
125,VA,22313,14.02,6.25,23.21,17.19,22.61,13.46,24.1
126,TX,76110,4.51,11.25,19.29,13.72,23.54,17.18,17.03
127,NC,27717,2.03,3.99,26.46,29.97,19.75,16.41,48.95
128,MN,55458,27.45,11.15,29.83,26.53,26.9,20.03,44.6
129,MO,65805,20.98,18.28,11.63,16.67,2.27,10.27,28.26
130,VA,22244,5.62,29.4,28.28,5.06,26.86,20.48,4.36
131,GA,31605,19.61,2.89,17.79,6.37,29.18,18.52,31.59
132,GA,30130,17.53,10.54,28.77,12.82,25.92,27.17,10.03
133,NY,13505,10.3,13.6,29.14,27.79,18.51,27.84,19.55
134,IA,50362,13.38,24.83,14.05,24.38,26.3,14.94,39.46
135,CA,95108,21.25,11.61,28.73,23.0,14.83,12.56,21.89
136,WI,53716,25.91,17.13,5.46,18.36,20.31,8.62,44.05
137,TX,79165,6.09,14.76,4.0,26.55,2.91,24.71,23.51
138,FL,33310,23.97,25.02,20.92,22.82,2.61,12.93,48.84
139,PA,18768,1.18,20.79,9.19,22.11,24.77,14.83,35.16
140,CA,90101,27.85,17.42,5.93,29.27,14.74,20.79,10.18
141,NV,89145,10.44,29.59,18.51,3.82,22.24,23.8,11.73
142,MN,55108,18.3,2.35,12.39,12.22,16.04,3.51,33.78
143,OH,44305,16.95,28.06,9.26,26.55,20.93,20.35,16.3
144,OH,45999,11.95,8.66,24.9,2.31,8.39,24.7,42.76
145,OK,74149,10.25,14.66,11.92,10.91,4.29,4.12,28.6
146,TX,75705,13.53,28.99,23.08,21.95,29.86,3.07,14.48
147,AL,35231,8.2,2.25,8.09,16.12,23.26,14.44,20.77
148,CA,92822,11.2,3.3,15.92,3.43,14.98,27.33,39.74
149,PA,17126,11.23,29.95,17.02,15.62,4.64,6.91,14.46
150,MN,55905,2.75,4.11,3.49,7.49,20.45,19.89,48.97
151,UT,84093,7.15,9.95,21.97,8.24,2.92,25.42,10.87
152,NY,10310,29.06,19.64,28.82,10.84,23.42,14.04,42.54
153,TN,38114,13.78,9.24,5.05,15.15,21.33,27.91,19.45
154,MI,48550,25.19,27.7,18.39,19.17,25.6,15.06,2.39
155,FL,33620,16.76,23.62,23.65,6.49,29.63,19.51,12.23
156,SD,57198,20.65,15.95,25.44,26.49,13.21,27.45,15.11
157,OH,43204,17.81,5.71,15.81,19.56,13.32,15.7,36.5
158,FL,34949,7.52,29.93,25.54,6.62,21.99,6.87,32.17
159,MI,49018,5.71,24.7,12.0,1.51,11.97,29.31,24.42
160,AZ,85040,8.06,3.11,16.01,29.85,10.74,1.23,41.47
161,OK,74133,15.28,24.62,1.84,9.11,13.37,29.31,1.97
162,FL,32627,2.3,18.03,3.26,1.81,19.47,2.93,32.36
163,MA,01105,10.67,22.64,7.05,5.78,14.61,18.27,13.65
164,TX,77055,3.21,24.59,20.48,28.49,24.78,21.64,28.75
165,TX,75358,2.58,20.06,11.94,6.79,21.12,9.08,9.4
166,GA,30336,12.57,5.24,20.66,11.13,27.36,22.2,49.58
167,VA,22047,29.79,19.79,19.35,25.96,23.37,28.19,6.3
168,IA,50393,12.61,11.73,2.24,17.97,8.97,1.7,4.43
169,CA,94302,26.43,20.63,3.17,23.03,26.49,11.68,28.35
170,NY,14210,20.52,11.7,21.69,19.24,24.22,15.41,41.91
171,NC,27404,7.13,8.27,7.54,14.84,11.07,20.24,25.11
172,TX,79923,8.27,25.54,5.38,24.76,18.49,12.37,32.0
173,FL,33283,16.96,7.28,14.56,4.7,19.1,15.68,8.06
174,NC,27710,1.03,15.88,4.23,26.63,17.36,4.74,32.08
175,PA,17110,20.43,16.18,21.43,3.12,18.74,23.67,35.84
176,DC,20268,3.16,1.82,15.47,24.35,4.64,21.42,49.28
177,TX,77095,12.49,7.57,14.87,25.03,26.92,16.63,46.98
178,PA,15225,2.02,7.49,25.86,22.01,6.07,14.94,36.66
179,UT,84140,6.35,22.79,14.42,27.19,18.9,19.04,3.11
180,WA,98682,3.46,28.95,17.42,9.85,19.63,14.33,33.51
181,CA,95397,25.26,15.97,25.0,28.58,19.61,22.46,23.77
182,IN,46295,7.19,24.06,19.21,8.64,9.57,29.26,30.83
183,AZ,85284,2.98,28.83,10.4,15.19,5.3,16.13,18.21
184,DC,20078,26.28,12.38,24.3,9.91,28.71,17.05,23.75
185,DC,20380,21.52,27.95,20.82,17.33,23.73,29.53,49.42
186,GA,30323,4.83,27.71,15.65,28.46,16.97,26.99,42.26
187,FL,33305,12.35,27.2,15.04,24.32,13.6,6.17,40.69
188,ID,83727,4.59,23.94,26.16,10.47,9.09,21.43,29.94
189,VA,22333,7.78,4.09,25.82,24.52,23.18,11.95,28.66
190,CT,06127,23.65,26.2,10.7,5.17,11.92,12.45,26.19
191,TX,76134,22.69,6.3,22.38,12.36,18.89,12.22,19.79
192,IN,47812,24.67,17.2,11.46,18.77,29.76,8.28,49.06
193,VA,23612,4.55,17.02,14.21,10.68,28.34,10.97,40.59
194,TX,79405,23.27,27.69,1.71,12.65,25.7,5.15,31.15
195,IL,60609,9.9,27.6,16.21,5.55,29.37,28.3,40.99
196,TX,78260,5.03,3.05,24.67,15.54,12.39,27.83,11.63
197,FL,33185,11.22,19.15,1.45,28.11,29.75,3.89,31.7
198,FL,33013,5.25,28.79,26.55,16.81,3.36,28.36,26.62
199,OH,43231,5.33,20.95,3.87,13.92,21.11,3.02,40.35
200,CA,95852,18.37,21.63,18.15,8.14,21.83,19.29,25.59
201,IL,60614,29.66,18.37,3.34,19.25,29.75,8.38,30.46
202,MD,21290,26.1,10.88,12.95,1.61,4.28,12.49,28.87
203,NY,10039,15.13,1.83,28.83,7.03,13.36,9.05,43.44
204,OH,45203,25.39,6.74,6.7,12.25,23.91,14.74,7.47
205,CA,94611,8.55,27.53,1.01,12.0,11.98,13.46,44.02
206,VA,23228,27.13,11.22,23.72,11.22,8.02,10.31,45.25
207,NY,12232,21.59,17.77,8.77,29.78,15.86,25.37,44.59
208,VA,22234,11.68,16.04,1.76,15.11,27.22,15.66,10.76
209,TX,77713,12.39,17.21,27.53,17.83,22.12,5.95,46.36
210,WI,53716,14.34,6.48,6.78,11.48,27.1,22.92,2.19
211,CA,92013,17.53,25.25,27.26,21.48,2.23,9.8,46.4
212,CO,80279,26.34,13.26,2.24,2.96,1.46,4.34,46.09
213,NY,10079,4.14,22.64,1.43,26.14,24.33,27.94,9.31
214,NE,68583,21.44,11.66,22.2,23.82,26.46,14.17,23.03
215,FL,34665,15.27,25.31,13.98,27.63,2.29,6.21,28.42
216,CO,80310,27.68,18.32,4.87,14.41,7.32,22.21,29.87
217,TX,75037,20.01,3.89,20.99,29.36,1.3,12.7,6.66
218,FL,34615,10.38,11.38,22.85,12.63,16.29,1.83,37.59
219,MD,20784,26.4,13.53,11.0,28.72,1.1,9.21,15.27
220,FL,32128,21.96,15.53,18.11,12.48,25.29,11.97,6.74
221,NC,28225,10.96,20.44,20.55,7.73,1.21,1.23,14.47
222,FL,33147,9.25,15.38,9.51,16.0,26.25,7.62,10.41
223,FL,32255,26.69,8.58,27.23,14.54,1.93,17.14,35.12
224,CA,91205,12.5,7.3,17.65,16.41,28.68,25.02,33.52
225,CA,92878,21.97,19.98,7.63,18.18,17.19,9.68,11.78
226,DC,20420,8.94,23.17,3.19,22.02,14.02,3.93,42.44
227,TX,77245,3.42,27.72,14.9,10.04,5.9,17.16,15.89
228,CT,06152,14.01,23.45,23.33,28.53,26.84,13.2,41.91
229,FL,33336,14.46,6.44,25.54,22.34,15.09,8.9,10.19
230,AL,36616,29.44,11.02,6.75,3.95,2.0,1.33,4.63
231,TN,37205,14.75,15.99,21.23,27.68,3.91,9.2,31.46
232,NV,89706,16.14,20.32,28.9,22.3,18.58,21.97,26.13
233,TX,77255,17.5,5.88,23.98,20.8,22.43,25.54,38.73
234,TX,76178,23.12,9.72,7.57,20.12,15.94,3.86,48.37
235,MN,55565,29.25,10.93,11.34,28.74,7.35,25.14,10.41
236,NY,10150,25.8,4.03,17.2,14.32,6.98,24.6,24.61
237,NY,14233,23.71,9.53,14.1,16.9,13.25,11.28,26.86
238,VA,24014,7.54,20.26,15.05,23.29,18.99,2.52,3.78
239,AZ,86305,21.51,6.74,28.69,23.45,18.97,8.8,42.21
240,FL,33158,24.58,2.15,7.8,19.23,27.68,13.63,13.08
241,DC,20540,19.76,6.78,3.24,11.68,22.9,17.16,15.81
242,KY,40250,2.05,25.35,28.25,2.63,8.26,18.11,7.16
243,PA,16565,6.93,20.48,28.09,2.67,6.76,25.29,27.44
244,OH,45403,25.73,29.25,4.92,24.5,5.32,6.85,33.42
245,CT,06538,25.93,25.05,1.24,6.59,13.23,3.8,3.83
246,TX,78475,12.9,4.57,24.47,17.71,5.32,24.92,27.23
247,NY,10165,25.48,22.27,23.75,24.09,14.05,26.93,25.66
248,VA,22070,20.28,26.59,21.29,13.38,21.2,4.47,28.88
249,PA,17110,18.38,3.01,14.82,18.13,12.43,14.64,38.52
250,TX,78778,22.54,26.35,2.92,17.52,21.18,25.03,9.3
251,DE,19886,21.87,28.62,7.43,5.01,22.4,21.02,31.37
252,TX,77050,18.74,27.83,18.11,24.18,9.4,29.85,9.25
253,TN,38168,15.44,14.36,10.26,29.26,28.1,27.61,34.42
254,FL,33330,22.21,5.49,29.29,9.51,17.7,27.75,24.26
255,CO,80925,16.68,10.92,7.41,27.94,18.97,18.62,16.31
256,WA,98109,11.02,15.0,27.94,1.88,6.38,8.51,4.75
257,AL,36605,10.26,21.73,8.7,28.07,2.38,5.87,9.29
258,TX,78235,28.92,7.1,11.16,8.2,4.08,18.9,26.18
259,KY,40591,9.66,20.75,20.65,5.87,19.07,12.45,45.14
260,IL,60619,25.39,29.0,22.42,16.07,23.99,14.5,39.12
261,OH,44485,20.19,1.95,1.31,25.92,6.08,3.85,35.25
262,IL,60681,2.8,21.52,17.15,2.31,25.99,8.33,34.48
263,TX,79764,20.75,12.57,13.18,17.62,16.34,26.62,34.92
264,VA,23220,7.29,9.19,5.76,19.69,13.08,16.79,44.09
265,WI,53220,23.48,7.08,9.68,27.02,11.82,2.07,14.78
266,KY,40225,19.54,20.47,18.49,8.61,29.19,25.04,3.63
267,OH,44105,29.94,18.62,15.28,8.85,20.55,16.52,8.21
268,AZ,85015,14.47,11.14,1.22,12.29,5.64,10.01,39.76
269,NY,10270,22.17,18.3,15.94,8.6,16.96,17.43,25.07
270,MN,56398,21.65,4.27,15.5,19.87,28.3,9.05,11.87
271,FL,33416,2.4,19.31,28.63,28.97,29.39,11.88,43.24
272,GA,30323,4.44,22.15,8.79,6.93,7.37,7.26,14.57
273,LA,70165,24.91,19.58,5.33,3.53,27.34,17.59,47.26
274,CA,94142,14.82,19.45,4.01,15.71,19.1,11.87,25.91
275,NY,11024,25.95,8.74,26.96,5.39,24.17,24.9,27.49
276,GA,31217,20.7,20.14,12.41,19.14,5.09,1.15,9.37
277,VA,22119,9.7,16.26,16.98,14.23,1.3,13.79,7.78
278,MT,59105,3.99,20.42,27.32,24.42,28.29,23.74,28.81
279,NE,68583,23.23,3.24,4.16,21.97,25.98,26.35,38.75
280,NY,11231,11.5,21.33,29.21,28.54,5.94,18.83,47.37
281,SC,29615,21.26,1.27,15.4,3.41,13.24,21.63,26.37
282,NJ,07104,9.63,21.49,12.48,16.23,3.53,23.52,29.22
283,CO,80126,5.06,23.27,12.6,18.22,28.81,29.1,1.07
284,MA,01905,16.27,7.74,29.36,1.39,7.76,2.64,12.2
285,ID,83716,6.71,5.39,14.72,9.42,27.69,11.56,33.39
286,CA,95133,27.58,19.18,6.89,29.11,13.09,26.89,30.66
287,CO,80935,13.27,2.65,3.22,6.35,13.25,28.53,43.75
288,PA,15286,9.21,27.88,13.44,28.56,10.52,19.2,46.9
289,CA,95194,18.03,10.58,21.82,12.42,13.91,25.99,26.08
290,SC,29625,1.26,6.05,21.34,29.93,10.32,15.0,31.95
291,FL,33142,1.54,24.44,14.42,29.43,24.15,7.0,41.72
292,OH,43605,18.14,9.04,13.04,2.7,20.48,14.21,36.08
293,FL,33355,4.34,6.7,21.62,10.3,7.42,18.93,24.63
294,GA,30195,3.32,16.99,19.18,24.73,23.18,28.95,1.89
295,MI,49560,26.39,26.9,28.7,18.72,15.07,7.02,23.92
296,SC,29605,20.91,24.39,15.31,17.57,3.86,5.01,9.29
297,CA,90101,22.56,29.53,6.84,20.19,20.33,18.38,23.52
298,MO,63180,21.34,2.27,1.13,9.57,15.16,4.11,24.53
299,GA,30301,13.91,18.4,29.72,1.51,28.16,2.35,22.49
300,CA,95828,24.85,8.11,28.43,5.35,16.0,29.5,19.31
301,TX,88569,29.79,24.5,8.64,27.45,8.67,21.73,28.58
302,MA,01114,1.7,6.77,10.66,22.14,15.75,26.78,38.94
303,NY,11499,9.82,8.85,19.8,26.19,14.46,3.63,28.14
304,CA,94913,29.67,23.0,9.72,21.44,27.08,3.52,13.33
305,DC,20220,13.35,5.79,17.67,12.1,18.77,19.73,16.63
306,IL,60697,19.93,19.75,6.49,5.04,13.63,12.77,43.57
307,AL,35815,13.56,3.91,2.5,6.85,6.06,29.99,21.89
308,NM,88006,11.92,28.35,14.04,29.08,5.1,3.9,3.21
309,OH,45419,8.51,25.23,20.55,9.55,10.47,10.54,46.18
310,CA,94116,16.21,23.21,7.42,13.1,25.69,27.59,47.5
311,FL,32118,11.57,4.49,12.75,2.59,11.28,10.18,14.02
312,AZ,85210,21.9,5.62,8.56,27.22,3.01,28.77,5.37
313,NJ,07208,12.06,15.71,1.54,7.51,18.17,16.51,43.6
314,ID,83722,7.51,26.03,3.99,18.65,7.27,8.51,12.34
315,TX,78426,10.26,19.01,16.52,27.43,25.26,8.95,43.56
316,DC,20546,1.09,22.64,12.02,7.46,8.81,28.99,1.13
317,FL,32808,7.05,2.98,10.18,1.86,26.43,13.26,9.94
318,NC,27705,25.09,18.38,29.64,4.13,2.4,29.75,7.61
319,WI,53277,19.99,1.49,10.95,19.75,24.11,29.03,23.03
320,TX,75226,8.57,19.09,28.7,1.53,24.85,10.47,17.44
321,CT,06120,29.82,18.67,5.7,4.34,18.48,23.65,3.58
322,CT,06912,4.15,11.56,8.43,9.74,28.24,29.32,11.71
323,CA,94237,16.98,4.65,7.89,12.18,15.12,2.06,33.38
324,NV,89714,15.39,15.93,4.33,29.03,13.46,24.56,27.82
325,OH,43268,11.79,18.3,8.11,12.01,16.17,13.68,1.84
326,FL,33064,6.61,8.85,17.42,22.81,15.08,26.17,15.69
327,AR,72916,12.71,16.34,15.43,27.12,18.93,3.07,42.89
328,KS,67210,10.02,18.5,23.2,7.02,1.04,2.56,23.21
329,SC,29403,13.25,19.03,18.84,18.95,16.41,14.65,45.61
330,DE,19810,13.41,11.41,19.68,2.64,13.86,19.01,23.24
331,OH,43656,15.19,6.15,1.02,29.75,11.8,13.76,16.78
332,CT,06922,15.17,29.42,10.83,10.79,21.32,28.51,14.74
333,IL,61825,7.78,29.98,1.95,24.39,28.9,25.52,14.76
334,MA,02745,20.51,21.65,19.16,22.15,22.25,25.09,38.84
335,DC,20022,24.45,26.44,27.52,7.5,1.32,23.15,25.06
336,FL,33141,15.3,29.88,19.24,27.24,10.58,25.58,36.89
337,NY,11355,18.67,21.94,10.43,25.35,17.52,26.45,22.02
338,TX,79984,8.03,3.86,11.88,1.13,27.75,19.72,45.67
339,GA,31904,3.59,13.68,13.03,21.36,4.27,22.64,2.57
340,FL,32412,22.15,27.42,20.43,1.62,4.12,27.73,35.99
341,AL,35220,14.36,12.64,7.82,21.08,11.6,18.28,36.82
342,TN,38114,29.64,10.46,13.81,15.27,10.41,29.81,7.68
343,NV,89595,20.66,15.91,4.07,9.1,5.74,6.05,43.16
344,CA,95838,7.46,12.22,19.71,1.94,16.4,17.2,30.11
345,FL,33075,27.2,20.41,23.42,22.64,12.43,25.42,28.67
346,TX,78426,20.23,13.15,20.53,3.9,29.52,20.56,30.51
347,MA,02119,8.75,4.54,22.69,2.73,20.99,7.71,25.35
348,HI,96810,7.58,22.13,5.16,9.66,22.77,14.82,24.21
349,SC,29215,22.56,26.51,11.28,3.51,29.3,1.25,6.17
350,IL,61709,24.04,13.73,1.64,8.86,26.37,21.36,13.36
351,MD,21265,9.23,19.26,29.91,25.13,28.89,3.13,20.48
352,FL,34615,10.7,22.23,24.55,28.07,27.93,7.61,1.19
353,CA,94116,14.56,6.08,26.87,1.71,20.62,20.61,27.59
354,CA,92883,18.08,21.39,28.46,3.67,24.33,6.35,7.34
355,AL,35215,12.92,14.16,7.31,18.61,15.93,18.36,18.79
356,NY,10633,18.12,9.13,2.91,28.58,22.63,11.36,22.8
357,KS,66225,18.5,27.71,6.96,13.65,25.9,25.62,11.94
358,VA,23705,8.56,14.22,2.48,20.02,19.44,28.11,39.82
359,OR,97312,5.55,21.14,13.35,26.51,21.96,3.47,39.24
360,FL,33731,8.38,9.6,11.06,14.88,5.89,25.99,17.68
361,NE,68505,3.34,28.66,8.46,24.47,28.14,14.71,45.73
362,NV,89115,23.21,8.18,23.05,15.17,16.44,8.77,28.06
363,FL,33034,7.74,8.32,6.29,8.64,27.44,3.86,16.53
364,KS,66667,2.99,16.03,7.95,9.63,2.8,26.26,3.29
365,OR,97075,27.16,4.25,27.23,27.14,12.04,22.09,47.8
366,MS,39210,17.95,14.17,4.44,11.26,29.19,24.94,37.93
367,NY,13205,12.76,4.78,10.33,15.49,20.69,10.4,17.75
368,NC,28230,3.11,28.29,17.56,8.05,20.86,2.52,41.92
369,NY,10292,4.77,24.7,28.57,1.39,16.72,11.96,16.43
370,TX,77090,5.4,26.22,22.36,17.53,5.59,26.94,34.34
371,AZ,85215,11.15,12.3,20.06,17.56,15.23,19.93,37.58
372,OH,45233,17.83,9.63,5.24,26.25,8.08,14.8,14.24
373,TX,75062,2.45,23.75,25.99,27.35,7.38,23.72,38.29
374,NM,87180,19.6,9.93,14.51,21.21,23.87,13.42,24.5
375,CO,80305,3.07,23.66,17.58,14.22,20.49,2.22,42.18
376,DC,20575,7.39,2.59,8.95,9.09,28.36,5.29,38.55
377,OR,97206,15.74,16.6,10.04,6.09,6.56,21.79,42.8
378,CA,95354,19.86,10.94,7.85,4.01,23.34,8.15,42.18
379,NJ,08638,13.57,1.28,21.01,3.33,23.96,9.72,18.17
380,TX,79764,22.17,14.87,20.78,6.22,10.13,6.29,43.83
381,IL,60208,25.07,15.92,23.23,3.24,2.36,15.25,5.2
382,TX,79994,28.82,5.79,5.29,27.49,21.82,23.27,35.31
383,WA,98442,29.7,27.11,21.18,11.43,4.53,18.89,11.81
384,UT,84130,20.08,21.99,8.41,16.16,12.72,20.27,33.66
385,MO,65218,23.57,16.61,28.02,17.19,25.14,19.89,26.77
386,FL,33737,12.29,10.75,14.04,22.51,13.45,5.07,4.46
387,SD,57110,11.47,23.61,13.64,29.43,14.67,28.96,41.79
388,MO,65810,13.9,10.4,11.69,12.41,22.34,16.48,28.34
389,FL,33715,12.02,15.8,26.43,25.65,5.33,1.88,27.09
390,KS,66160,12.63,10.91,3.37,2.49,4.05,23.43,39.42
391,FL,33615,10.41,26.56,24.48,18.96,9.34,17.06,42.56
392,CA,94660,1.68,20.29,24.52,6.59,18.18,24.88,46.13
393,TX,76505,16.43,27.79,3.97,27.0,22.83,22.81,39.48
394,IL,60078,4.67,13.47,7.83,21.37,14.51,3.18,43.44
395,OR,97211,29.0,8.69,17.5,15.0,22.4,18.4,30.82
396,MI,48267,26.23,12.38,9.48,24.31,2.46,20.12,38.87
397,VA,24503,17.78,8.31,14.15,2.76,5.99,17.34,45.28
398,NV,89714,28.62,8.62,1.86,6.41,5.63,4.93,6.47
399,NY,11254,22.41,5.1,25.84,16.34,19.58,9.43,8.58
400,CA,91186,12.94,12.65,15.33,27.13,11.54,26.16,13.39
401,CO,80638,5.36,26.71,11.21,7.78,29.74,3.52,12.32
402,FL,33763,6.79,8.41,21.13,28.59,16.68,1.84,41.51
403,NY,11436,21.55,10.71,11.05,26.7,17.96,19.78,4.85
404,FL,32964,26.79,19.24,29.66,24.99,12.06,7.0,22.17
405,KS,66205,22.59,8.97,15.0,29.66,23.59,4.54,5.11
406,DC,20238,2.79,13.88,3.1,13.55,21.85,2.42,31.65
407,CA,92145,24.22,21.86,15.57,19.56,10.03,1.26,30.92
408,VA,20195,12.85,24.01,8.49,2.31,2.56,25.81,42.92
409,VA,24004,16.79,26.65,7.79,1.12,19.23,4.41,47.51
410,TX,78220,18.08,23.6,21.99,7.23,7.11,2.45,44.34
411,IN,47405,8.91,20.94,10.59,11.88,17.31,19.68,30.79
412,OH,45490,18.14,19.98,14.55,14.95,14.11,2.52,17.15
413,IA,50305,7.96,20.72,3.31,11.54,26.03,12.42,2.77
414,TX,78703,10.88,27.64,2.72,3.49,1.75,17.87,25.8
415,CA,91841,8.36,21.08,28.91,9.18,6.91,11.67,24.02
416,NC,28314,1.81,3.02,14.2,11.51,18.55,29.6,45.4
417,DC,20540,6.01,23.17,13.57,23.28,7.5,3.22,34.99
418,MA,02216,16.62,27.03,2.71,2.06,11.21,6.04,29.73
419,MI,48919,6.56,6.41,24.55,4.24,21.7,16.68,39.45
420,CA,95865,3.12,6.85,9.41,21.46,3.34,17.14,11.71
421,IN,47719,27.48,10.83,19.76,2.61,27.01,28.51,34.8
422,GA,30380,22.06,20.75,29.51,28.19,26.25,13.79,31.16
423,IL,62711,24.5,2.22,23.04,11.7,7.06,4.97,44.91
424,PA,15240,10.55,14.25,28.53,22.38,21.44,25.8,47.9
425,CA,94611,16.81,4.54,21.29,14.58,2.76,23.27,29.39
426,NY,11210,18.18,3.02,14.04,11.73,21.45,27.71,39.34
427,IL,60193,26.35,9.04,9.22,1.67,15.31,6.01,23.88
428,MD,21275,23.42,16.87,26.4,1.49,25.59,24.03,15.6
429,NC,27621,4.11,18.07,26.84,4.63,1.57,4.32,4.64
430,IN,47134,4.3,27.11,4.27,23.84,26.04,7.16,39.1
431,CA,94105,26.83,29.5,1.36,12.13,16.79,8.21,35.72
432,DC,56944,22.49,19.98,22.13,10.54,1.28,26.81,39.72
433,GA,30323,6.36,11.1,4.24,20.3,21.83,11.53,31.07
434,TX,88541,19.02,5.04,11.24,12.09,29.63,14.15,3.16
435,CO,80015,25.1,14.34,13.91,19.39,13.47,10.77,43.07
436,KY,40524,27.15,3.65,27.99,6.87,15.78,5.95,35.02
437,OK,73124,11.62,6.22,28.75,2.56,11.36,6.74,8.97
438,PA,15279,26.23,28.74,21.58,14.19,19.76,29.15,29.08
439,MI,49006,15.82,15.46,17.47,14.64,1.67,25.97,37.64
440,MO,65105,27.92,16.79,25.79,18.76,4.44,28.69,8.7
441,GA,30911,10.42,7.24,11.55,26.8,6.09,14.3,28.67
442,AZ,85035,26.64,5.39,23.7,28.41,12.19,26.47,46.63
443,OH,45440,23.06,13.18,6.91,8.79,13.88,9.71,16.9
444,TX,77245,20.31,28.32,12.83,10.93,7.85,23.16,3.76
445,CT,06520,28.06,29.61,1.16,28.68,22.5,28.26,13.19
446,PA,15255,9.45,25.4,16.85,7.7,1.24,9.4,28.8
447,OH,45213,1.17,25.3,27.81,23.04,13.46,3.81,5.67
448,CA,92115,6.54,8.26,4.6,24.04,22.57,11.05,14.66
449,CA,95128,25.33,22.55,14.17,12.03,12.43,25.27,15.93
450,WV,25705,29.6,26.99,14.8,18.51,2.04,25.15,33.72
451,TX,88546,24.69,28.2,25.13,15.63,8.14,6.02,40.25
452,NY,14215,25.55,26.65,23.84,1.9,29.75,2.83,16.08
453,VA,23471,14.36,28.62,18.27,21.76,22.06,18.85,14.53
454,CA,94522,16.29,8.35,19.11,17.96,8.17,1.66,44.14
455,FL,34474,26.87,14.44,21.07,25.28,23.24,19.73,1.22
456,TX,78470,27.45,11.74,7.04,18.3,3.77,18.14,38.54
457,WA,98907,27.53,23.52,17.4,17.72,15.97,10.79,42.96
458,TN,38308,14.18,18.35,25.5,6.07,12.37,19.14,46.8
459,FL,34615,6.52,9.18,23.58,29.21,25.44,3.56,24.86
460,NY,11210,1.85,17.41,4.61,28.93,2.92,21.59,24.39
461,CO,80525,1.19,24.08,11.51,4.35,25.99,20.88,11.54
462,MS,39210,7.55,23.81,17.14,28.25,24.65,24.94,38.62
463,CA,94616,14.73,2.09,29.91,20.3,20.1,13.43,1.99
464,OK,73147,22.42,7.16,16.35,25.14,29.38,5.81,20.85
465,CA,92056,10.62,29.31,4.19,14.78,24.62,5.71,15.38
466,OH,44197,8.41,25.31,2.32,21.66,20.72,13.87,16.67
467,NY,14619,10.12,4.79,4.0,15.38,10.03,16.18,24.48
468,KY,40505,14.39,5.77,3.96,1.74,19.8,18.46,45.1
469,OK,74170,8.14,17.87,16.89,5.24,14.13,7.82,30.63
470,PA,19104,26.38,22.88,5.7,10.08,23.15,20.76,12.93
471,NY,12325,17.08,7.17,22.86,17.58,16.72,14.33,26.72
472,AL,35405,12.52,4.1,10.65,26.92,13.52,17.05,39.21
473,OH,44905,23.2,1.5,7.69,26.23,23.04,25.48,19.16
474,TX,75705,11.28,24.06,14.26,14.56,18.04,21.99,32.71
475,FL,32225,5.93,18.12,29.48,19.6,28.32,1.26,34.7
476,DC,20244,14.13,9.17,26.73,14.16,7.44,23.93,4.35
477,GA,31296,2.49,17.88,27.38,14.61,16.28,23.23,32.3
478,LA,70815,6.3,23.22,25.8,8.1,25.82,2.71,26.88
479,WI,53779,6.13,1.65,14.59,1.77,22.81,28.55,16.38
480,NV,89510,27.68,8.51,16.25,8.6,13.4,9.1,26.0
481,CA,92640,9.86,29.86,14.9,27.62,27.31,25.9,39.9
482,NV,89110,5.45,14.0,22.96,11.68,6.25,19.57,35.66
483,FL,32236,14.02,7.53,5.66,9.98,6.27,8.51,46.57
484,NC,27621,25.16,26.55,18.78,20.95,13.8,2.48,11.79
485,NC,28815,22.53,2.74,28.96,11.74,1.13,11.4,18.11
486,MD,21705,10.34,20.74,1.74,15.71,29.78,22.45,7.53
487,FL,33325,2.69,15.5,9.34,8.34,15.65,27.87,42.98
488,CA,90189,26.28,7.77,21.78,2.92,22.41,19.62,41.73
489,NC,27658,16.85,20.18,14.1,6.08,10.92,27.43,17.6
490,CA,92867,2.19,1.58,13.01,24.55,8.03,14.89,40.48
491,TN,38181,3.16,23.33,22.13,14.46,6.63,27.51,42.89
492,NV,89706,1.08,17.08,25.89,18.37,22.42,16.82,47.74
493,FL,33499,19.58,12.93,29.97,6.57,9.62,16.55,45.72
494,CA,93778,17.0,14.04,15.87,16.28,28.49,24.81,10.09
495,AZ,85743,3.27,11.41,10.72,21.83,16.61,26.35,23.55
496,PA,18706,19.93,16.8,7.03,26.23,23.75,27.74,27.54
497,OH,43240,17.08,26.56,11.8,7.3,16.47,24.04,23.95
498,FL,33175,1.1,19.28,7.32,18.87,4.45,7.99,27.04
499,FL,34102,1.69,22.95,17.57,28.84,4.84,17.92,38.21
500,IL,60158,15.45,27.02,10.17,22.66,20.99,19.64,23.54
501,OH,45296,26.4,8.01,2.47,16.5,23.68,3.81,32.96
502,CA,92710,4.36,15.4,5.63,1.83,25.25,10.17,29.92
503,PA,16565,13.02,25.44,14.07,18.98,7.69,25.65,22.93
504,OK,74149,20.27,2.84,16.08,23.54,29.88,16.49,7.54
505,CA,92640,28.5,2.01,28.46,7.06,7.19,1.32,24.15
506,PA,19160,14.04,16.46,23.57,18.65,5.62,7.74,16.07
507,VA,22096,27.08,5.95,25.06,14.49,23.21,18.45,46.81
508,TX,75397,10.95,20.77,2.9,11.37,4.52,8.21,43.71
509,PA,16534,11.05,4.44,13.52,19.23,21.92,9.88,8.46
510,CA,92127,14.89,20.04,4.76,3.98,3.27,9.65,35.95
511,GA,30919,2.43,10.38,24.39,13.5,20.26,14.91,11.68
512,TX,79769,26.28,19.33,23.94,19.32,12.37,27.71,26.33
513,TX,88519,21.01,15.1,15.2,25.69,6.91,13.62,17.7
514,LA,70810,11.42,4.72,7.33,12.88,8.72,9.09,12.18
515,WV,25705,5.88,12.27,4.22,26.09,6.38,11.7,4.24
516,GA,30195,20.66,20.36,26.03,19.7,4.86,14.69,11.67
517,WA,99210,21.74,18.9,13.53,20.38,11.16,18.09,4.46
518,NV,89125,8.9,12.07,9.91,13.42,7.85,13.92,27.17
519,IL,60624,10.87,29.53,2.38,28.83,8.12,15.22,38.63
520,MA,02104,29.96,25.15,7.82,6.53,13.55,17.6,6.1
521,NE,68164,24.33,25.93,18.17,24.42,13.02,20.55,44.55
522,NY,10105,3.37,21.54,10.95,13.79,29.92,10.53,7.62
523,CA,90605,29.59,26.82,23.75,23.46,6.51,12.83,46.25
524,CA,92115,5.91,9.59,22.09,21.42,25.56,8.79,45.38
525,DC,20078,28.99,5.87,10.83,13.41,15.39,23.24,9.65
526,TX,78245,2.32,13.81,11.15,6.0,21.15,20.4,13.95
527,VA,24009,28.86,6.94,5.39,7.87,20.55,21.14,16.89
528,TX,75705,12.15,9.52,11.98,1.48,19.95,13.32,2.97
529,FL,32868,19.25,24.19,2.59,15.7,13.11,23.14,29.71
530,CT,06520,21.2,17.42,9.75,24.5,14.59,27.69,7.64
531,WA,98664,15.3,27.65,20.03,16.32,10.19,14.24,30.16
532,WV,25389,7.12,27.7,23.89,11.26,11.12,17.55,26.38
533,NJ,08695,21.34,12.33,25.16,13.0,19.51,6.87,43.28
534,PA,19610,14.83,12.55,25.78,12.91,3.71,18.7,15.94
535,AR,72215,17.26,8.32,6.71,25.35,24.94,17.31,49.05
536,NY,12237,2.65,16.91,12.42,20.54,25.36,24.28,18.81
537,NV,89145,12.25,1.6,13.92,10.21,27.63,10.21,17.56
538,IA,50320,2.98,13.33,6.3,17.16,26.65,4.73,18.11
539,TX,79945,17.64,29.87,5.71,11.08,27.56,27.46,19.3
540,GA,30392,4.06,25.64,14.36,28.03,19.55,8.43,23.51
541,NY,14646,6.8,26.25,25.68,29.7,4.0,19.66,1.41
542,OH,44310,25.99,26.1,19.49,9.25,16.72,10.83,3.59
543,DC,20210,29.65,2.45,17.74,11.72,8.51,6.93,30.95
544,WI,53710,5.57,8.94,21.57,17.5,12.49,15.57,22.34
545,CA,94975,9.6,26.98,25.8,22.84,15.8,11.58,29.3
546,PA,18768,26.33,12.51,24.96,9.54,13.63,7.52,8.5
547,FL,33906,18.2,14.08,8.06,25.98,15.8,27.4,21.6
548,CA,92405,11.78,11.37,13.97,13.44,20.14,29.76,38.74
549,CA,93005,29.33,12.61,10.38,19.15,16.89,6.87,23.45
550,MS,39204,7.07,9.15,4.16,6.47,15.59,3.0,43.83
551,TX,88514,9.97,1.44,20.0,6.72,4.57,22.04,6.53
552,IN,47905,19.17,11.44,28.85,27.11,19.53,20.65,26.45
553,OR,97405,21.32,12.67,4.28,12.37,14.52,16.94,47.41
554,WA,98664,19.93,28.91,28.59,5.03,26.04,24.37,10.25
555,GA,31132,17.39,3.88,24.13,29.13,7.47,29.66,28.06
556,FL,33355,18.64,27.71,18.46,8.62,27.31,26.07,20.3
557,CA,93381,10.04,29.89,11.21,14.52,6.17,10.34,4.89
558,WA,99252,23.17,4.95,1.17,14.39,2.89,25.23,8.93
559,CA,90005,15.48,22.1,8.17,20.39,13.65,28.36,40.19
560,VA,24014,20.23,3.69,24.1,26.25,17.15,3.05,26.91
561,GA,30306,14.24,23.68,19.66,6.85,24.99,26.7,38.68
562,DC,20575,2.78,27.18,8.96,10.62,24.51,2.75,7.37
563,TN,37205,4.69,3.74,29.34,11.09,14.49,13.02,47.23
564,MN,55470,9.92,29.54,18.79,18.67,21.16,5.55,46.7
565,AL,35242,2.35,27.73,26.91,19.53,25.34,2.87,47.3
566,PA,18018,26.71,17.49,27.52,23.07,4.18,24.17,45.52
567,NY,11054,12.14,28.45,1.23,27.94,8.14,17.95,44.44
568,MN,56398,3.84,28.53,15.61,10.75,6.63,7.28,4.43
569,NE,68197,9.0,28.47,22.61,16.89,15.64,26.29,1.17
570,NC,27415,7.4,17.7,18.37,28.66,5.34,13.36,5.7
571,VA,22301,25.54,17.61,24.63,12.58,8.28,17.76,48.18
572,NY,11388,6.88,13.6,12.84,1.7,8.87,16.36,48.38
573,TX,79905,4.5,14.81,12.82,29.98,7.23,26.38,2.8
574,PA,19191,10.33,17.58,28.87,1.38,7.03,9.12,44.07
575,MN,55146,11.14,14.44,8.17,25.1,1.93,5.06,49.41
576,OK,73147,24.37,18.44,3.2,21.74,17.32,20.32,34.36
577,TX,79994,1.77,29.08,2.08,26.87,27.03,23.51,31.2
578,IL,60630,26.97,27.47,26.09,22.09,9.42,10.72,26.3
579,NC,27116,6.9,21.13,15.09,13.17,11.99,2.66,1.31
580,GA,30386,16.96,15.03,16.53,9.55,18.34,3.79,30.96
581,CA,91210,23.37,11.38,1.33,5.79,9.39,6.32,38.4
582,FL,33336,23.47,17.67,17.24,26.16,12.74,9.48,28.41
583,MD,20918,29.37,21.92,5.46,19.83,10.59,7.81,18.35
584,VA,23293,15.51,6.36,20.76,27.18,23.13,29.63,43.31
585,TN,37228,2.43,6.63,13.89,27.17,11.24,3.27,31.89
586,IA,50936,27.93,25.25,21.42,25.46,3.14,23.93,28.37
587,MO,63169,20.21,11.13,19.12,1.35,23.4,22.84,42.02
588,VA,23272,2.31,19.73,21.54,4.83,2.91,1.37,31.54
589,AZ,85015,4.9,6.84,20.43,27.47,13.58,21.63,30.97
590,KS,66611,10.69,5.53,6.42,17.58,11.5,15.51,3.91
591,WA,99252,14.28,22.68,12.31,16.28,1.94,15.64,11.25
592,WV,25305,22.73,24.27,9.5,2.82,2.52,17.35,20.02
593,TX,79968,26.71,23.73,6.23,11.23,12.07,18.21,6.47
594,TX,77240,3.44,18.67,23.18,10.77,20.7,18.67,19.52
595,FL,33994,2.43,22.47,12.36,11.73,11.89,24.09,9.44
596,CA,91103,22.42,3.51,19.87,26.79,7.72,22.58,11.9
597,FL,32255,1.41,24.12,5.7,14.0,16.95,5.32,29.85
598,LA,71115,7.66,24.08,24.58,4.24,10.2,26.43,49.67
599,CO,80217,21.88,8.5,21.69,27.94,1.01,29.25,42.59
600,MA,02124,3.33,19.77,27.8,16.74,10.35,12.99,25.86
601,OH,44315,6.68,2.11,11.03,17.21,22.99,29.83,45.85
602,CA,95054,25.1,19.15,3.23,5.84,4.57,15.51,21.89
603,MD,20719,27.14,29.76,23.1,15.62,18.12,10.27,30.93
604,TX,76205,20.26,6.66,17.14,8.48,12.64,6.0,47.76
605,IL,62794,3.49,7.28,24.68,28.95,28.4,14.06,10.29
606,GA,31217,26.07,23.32,1.76,28.88,15.84,20.41,41.61
607,GA,31136,24.78,23.88,7.14,22.47,27.92,3.2,33.65
608,CA,92127,6.53,8.72,28.76,6.52,3.46,29.61,41.25
609,IL,60624,26.75,19.78,26.26,5.37,14.42,6.38,43.33
610,DC,20268,24.17,18.95,13.2,6.6,7.25,6.43,31.52
611,TN,38308,4.96,19.42,11.42,7.35,15.73,5.61,20.75
612,IL,60691,13.45,5.62,27.45,22.45,24.52,5.53,6.97
613,FL,34642,29.1,21.19,25.61,2.53,29.42,24.34,42.97
614,PA,19196,13.75,15.71,20.73,23.94,29.98,25.4,2.25
615,OH,44130,14.54,21.41,23.89,9.65,15.76,14.9,22.86
616,MI,48224,23.91,4.64,24.37,7.47,17.76,7.57,40.01
617,OK,73152,14.07,5.01,5.36,4.51,21.02,1.18,19.18
618,FL,32819,7.81,7.44,3.82,11.01,6.55,19.62,30.66
619,CT,06912,20.72,21.56,28.72,6.84,22.89,23.71,25.73
620,SC,29579,12.1,29.23,27.31,26.98,29.31,24.32,12.38
621,VA,24503,4.19,6.73,4.25,12.14,3.94,10.25,38.1
622,CA,93150,16.6,1.61,24.12,8.73,10.97,25.91,27.7
623,FL,33963,1.93,23.36,4.37,18.96,9.62,16.61,22.93
624,OH,44321,25.29,8.66,18.44,6.53,17.86,16.44,15.77
625,CA,92883,23.66,20.65,4.74,10.12,10.94,1.76,33.01
626,KY,40576,5.13,8.37,25.47,9.81,21.36,2.99,34.16
627,VA,22036,21.01,10.65,29.42,24.32,12.25,10.11,13.18
628,IA,52809,7.97,4.77,10.26,28.77,16.04,29.2,9.79
629,CA,90005,7.63,3.24,19.06,1.63,19.06,16.03,42.8
630,NY,10019,17.27,14.44,3.76,26.88,7.21,28.04,2.94
631,MN,55565,24.98,10.96,21.03,10.69,17.05,21.27,1.72
632,KS,66112,28.35,23.55,18.88,27.86,13.06,23.94,38.38
633,MD,20816,4.67,22.49,6.02,23.93,28.34,22.23,16.47
634,FL,33680,26.19,4.93,19.53,20.11,27.55,26.1,14.01
635,NV,89036,11.25,2.34,10.97,25.15,17.91,1.73,23.73
636,FL,33018,22.58,11.27,7.95,6.61,13.12,29.7,45.6
637,FL,34282,6.01,4.21,15.06,16.06,11.68,14.99,43.41
638,WV,25362,3.26,8.75,11.52,13.19,18.5,4.83,3.23
639,LA,70836,27.29,27.98,21.16,20.52,22.16,10.16,45.67
640,IN,47712,12.47,26.43,27.16,23.74,7.84,17.43,48.29
641,CA,92640,10.93,28.93,15.03,18.53,17.27,26.06,46.45
642,FL,32314,1.67,6.18,27.34,5.24,4.05,19.3,39.36
643,FL,33421,1.99,24.76,7.02,28.41,14.96,22.83,26.33
644,OH,45238,14.76,28.76,2.6,20.92,23.44,28.03,17.84
645,MI,49544,15.77,9.7,19.43,23.37,27.83,3.8,28.33
646,VA,24014,4.89,2.7,23.76,21.56,2.67,25.47,23.11
647,MA,02472,28.98,7.16,14.93,26.82,10.27,8.1,38.96
648,PA,17140,8.57,5.19,1.37,29.52,19.69,9.64,38.75
649,NC,28205,14.92,10.01,10.18,22.3,27.44,29.23,46.84
650,MA,02104,25.68,4.81,25.11,15.65,10.04,4.06,9.67
651,FL,33620,8.22,29.46,20.83,9.86,6.48,7.75,20.44
652,DC,20010,18.92,19.81,1.55,24.04,2.48,4.7,47.28
653,SC,29411,28.88,21.13,24.94,20.15,18.9,18.55,17.51
654,TN,38114,16.49,22.23,13.92,23.69,18.2,28.64,16.61
655,GA,30905,10.72,14.1,2.44,5.95,22.68,17.31,36.02
656,PA,19120,4.19,6.33,26.77,23.67,3.56,21.2,30.25
657,WA,98411,21.85,24.21,1.18,23.04,18.87,13.49,37.23
658,WA,98104,17.73,19.85,20.43,20.02,23.02,10.44,16.53
659,IL,60669,2.0,15.28,29.01,13.5,7.66,6.91,5.02
660,WA,98158,19.03,12.69,8.83,11.06,22.11,16.63,16.16
661,CA,94110,26.61,9.5,29.44,24.46,28.73,10.84,42.25
662,CA,94245,23.0,25.02,18.01,23.7,25.45,2.23,39.73
663,TX,78296,9.81,17.44,6.25,3.19,29.96,26.88,4.94
664,TX,76004,11.21,16.79,26.16,4.17,25.28,23.22,26.91
665,PA,19125,7.06,11.63,1.61,19.72,26.63,13.92,14.31
666,MA,01905,1.49,14.75,3.55,8.94,6.16,27.77,36.6
667,CT,06816,3.67,22.61,20.02,3.38,24.64,15.19,13.26
668,TX,75246,17.52,14.78,27.6,25.36,12.2,9.19,4.16
669,NC,27415,27.16,8.48,4.32,25.64,11.26,6.35,14.59
670,DC,20244,21.81,9.44,18.56,11.15,7.85,11.32,31.43
671,DC,20436,8.13,11.28,16.43,8.03,14.77,25.94,7.76
672,CO,80940,11.53,14.2,2.41,5.08,26.73,21.06,36.58
673,TN,37605,25.69,21.57,2.36,16.21,24.16,14.82,28.83
674,TX,79171,7.3,15.16,7.64,12.02,15.37,25.26,43.63
675,NY,11044,23.96,16.26,12.3,22.68,4.72,18.05,40.13
676,PA,19136,3.38,6.73,6.36,23.95,5.07,9.57,4.95
677,MO,65110,22.82,11.09,3.4,13.01,27.9,24.75,26.6
678,NY,13217,20.6,11.17,11.28,14.92,15.36,19.14,2.02
679,IN,46699,9.13,5.06,29.66,10.2,5.27,8.41,23.75
680,NV,89519,3.01,18.48,21.96,28.94,23.38,6.59,44.87
681,VA,24515,8.28,14.12,15.88,15.36,15.14,21.26,7.11
682,PA,15250,27.89,17.09,21.45,4.37,26.61,7.05,22.83
683,TX,76711,2.86,21.24,25.32,17.91,8.23,26.59,9.92
684,MI,48604,9.17,19.7,3.66,19.35,16.72,3.04,24.97
685,MD,21281,21.41,15.23,29.49,27.11,13.05,6.32,16.21
686,DC,20299,4.85,12.04,6.86,19.47,28.26,19.9,47.86
687,IL,61656,29.85,28.33,4.71,6.73,25.18,6.94,30.98
688,DC,20392,25.11,19.78,23.62,12.39,1.03,21.99,15.26
689,FL,33164,24.53,7.39,17.91,19.58,24.59,21.47,7.91
690,CA,93381,8.26,24.79,11.89,21.94,8.14,8.9,32.01
691,KY,40581,16.23,8.24,18.15,3.06,12.74,14.13,10.32
692,IA,50335,19.97,9.46,18.38,12.02,17.86,26.59,21.75
693,PA,17105,12.52,13.68,10.9,7.65,8.42,9.76,30.35
694,MI,48901,20.06,11.19,27.35,21.65,20.97,26.57,36.0
695,NY,14225,12.78,11.49,27.71,17.62,19.09,21.8,21.65
696,DC,20337,5.85,3.64,9.6,7.33,17.48,5.84,39.27
697,MD,20910,25.14,1.99,7.17,10.99,23.34,29.09,10.18
698,FL,32969,16.41,20.75,4.33,17.8,22.16,18.08,24.84
699,PA,16550,1.89,22.91,13.44,24.2,12.24,14.8,19.68
700,NY,14652,22.57,24.33,23.69,7.57,23.92,13.44,30.82
701,NM,87201,23.79,14.31,13.38,4.59,11.66,3.44,46.71
702,PA,19146,15.12,10.48,5.24,25.85,15.23,11.5,36.78
703,KY,40233,7.12,14.05,23.68,7.96,16.26,13.3,33.55
704,FL,32204,18.04,13.73,9.66,25.83,16.42,3.87,4.72
705,AK,99599,4.92,2.82,9.46,12.45,26.15,3.59,14.32
706,GA,30323,29.84,16.44,12.72,25.26,26.74,22.32,27.89
707,GA,30911,17.18,3.18,2.35,11.95,11.6,8.27,36.8
708,UT,84130,22.07,18.03,4.66,28.32,16.55,28.06,10.64
709,OR,97271,20.23,4.02,29.18,8.37,25.57,27.46,27.02
710,NY,14614,26.04,27.12,20.36,17.28,8.72,5.81,24.42
711,ME,04109,5.09,1.33,20.46,11.7,5.69,15.97,31.57
712,VA,23504,16.38,17.64,7.68,17.76,3.64,25.92,31.41
713,AL,36616,8.79,27.87,3.8,8.59,20.34,11.18,21.55
714,AR,72215,4.33,9.4,23.86,26.76,28.14,12.75,45.01
715,DC,20226,29.56,8.52,16.17,29.97,10.86,29.94,24.05
716,TX,75387,26.04,16.81,18.43,12.64,15.78,25.79,5.52
717,MN,55811,1.21,6.35,18.61,24.48,9.38,18.67,8.46
718,VA,23208,13.98,11.53,9.98,23.68,6.81,22.47,11.27
719,OK,74170,25.41,18.36,2.51,23.37,20.29,7.88,33.14
720,OH,45807,9.43,12.27,26.24,26.28,18.96,20.81,40.66
721,NY,10079,1.54,6.51,16.97,17.1,1.44,13.61,1.76
722,NC,27157,1.65,13.91,5.85,10.44,1.3,17.66,48.33
723,TX,78240,11.84,9.41,20.98,16.11,26.46,1.14,6.24
724,TX,78682,1.01,12.67,8.33,22.96,20.29,15.6,2.3
725,CO,80045,12.01,22.18,24.64,18.35,7.03,8.94,10.81
726,MO,63116,19.9,16.17,28.26,11.41,10.39,10.8,6.46
727,DC,20370,18.36,16.94,10.94,24.58,29.08,3.58,34.76
728,CA,95054,12.62,21.85,12.22,22.32,22.15,13.43,34.45
729,TX,77288,20.08,24.03,23.44,18.24,8.24,17.78,32.41
730,VA,23551,21.41,17.34,3.7,8.98,19.7,2.91,25.84
731,GA,31210,15.56,10.45,7.81,8.35,11.67,7.13,25.59
732,CO,80161,29.23,4.99,3.65,15.24,9.06,9.41,32.92
733,MD,21705,7.16,8.45,21.66,5.5,12.85,21.11,17.7
734,KS,67210,6.29,9.43,8.82,19.93,15.25,6.47,15.06
735,IL,60630,4.0,18.15,16.13,21.33,20.5,19.94,8.61
736,DC,20244,25.75,12.99,10.6,17.47,22.27,16.46,45.69
737,MI,49006,3.85,26.56,13.26,13.33,17.22,18.76,19.03
738,TX,78265,13.07,19.15,4.58,4.35,20.81,15.81,44.09
739,CO,80235,27.45,29.58,7.0,11.6,29.55,7.59,35.76
740,FL,32255,5.13,24.52,19.81,16.02,22.46,29.76,9.63
741,NC,28278,12.82,22.33,16.12,9.08,2.37,19.17,24.53
742,CA,91205,18.06,27.65,27.69,15.83,25.78,8.49,2.44
743,OH,44505,10.8,21.44,18.25,19.57,28.18,17.77,48.59
744,NM,88006,18.43,28.51,13.74,18.92,22.15,29.48,31.79
745,CA,90015,1.59,19.52,9.32,5.16,6.71,12.73,26.77
746,PA,19131,15.88,29.05,3.17,5.62,23.19,28.92,23.13
747,PA,19178,11.12,14.5,4.47,21.94,11.63,26.46,6.32
748,NJ,07505,20.73,24.2,7.87,19.44,1.87,18.49,33.09
749,SC,29319,1.46,22.6,5.65,20.47,5.5,7.38,46.96
750,NE,68505,18.37,24.89,9.6,15.78,14.38,4.13,27.68
751,OR,97221,26.4,8.62,12.54,18.08,4.26,28.41,47.26
752,OH,43210,20.4,21.45,28.33,21.74,23.22,3.61,4.04
753,NJ,08104,3.32,3.22,6.93,4.27,3.1,27.75,16.22
754,IL,62705,18.44,17.13,22.09,4.95,28.27,24.5,17.74
755,WA,98907,27.46,22.89,29.44,26.66,2.74,12.0,46.46
756,AL,35805,21.75,24.83,4.02,9.56,3.08,19.2,11.98
757,OK,73104,13.07,17.51,14.16,9.04,7.57,5.06,36.0
758,KY,40287,13.31,10.79,6.1,29.33,2.87,20.46,25.25
759,CA,93721,10.32,2.46,7.88,14.97,29.44,28.22,22.38
760,TX,79934,5.37,21.44,26.67,15.0,4.0,20.07,16.81
761,VA,23272,4.21,9.14,7.77,19.76,18.24,7.07,12.98
762,CA,93721,27.63,3.78,6.73,29.88,25.13,16.33,17.24
763,TX,76305,18.65,28.91,6.72,27.41,26.07,2.12,12.69
764,HI,96835,25.08,27.22,7.84,21.46,10.71,22.16,13.81
765,KS,66629,17.88,11.31,10.82,26.9,12.06,14.14,25.88
766,LA,70005,3.53,7.86,7.13,1.25,10.85,13.89,49.0
767,VA,22234,6.32,15.03,13.7,9.49,26.2,3.24,31.16
768,MO,64142,10.15,17.34,20.72,16.82,5.96,24.21,8.9
769,FL,33345,14.13,26.1,18.81,4.39,24.64,18.34,11.32
770,TX,75265,15.9,16.88,18.64,13.35,8.73,1.66,7.76
771,CA,94616,17.36,1.72,19.61,6.54,26.33,24.62,34.05
772,NY,14233,7.27,10.07,3.59,26.46,23.11,18.85,21.92
773,FL,33190,26.74,29.89,16.71,12.51,20.19,14.17,26.66
774,NJ,08608,18.76,1.18,17.53,18.13,26.51,28.58,28.46
775,CA,93778,25.62,23.56,1.49,9.06,6.86,7.55,43.15
776,KY,40745,1.35,24.89,25.27,6.5,21.11,14.33,25.26
777,VA,22156,25.72,11.94,5.62,23.66,14.69,11.56,37.76
778,CA,91117,29.4,20.9,19.18,20.02,16.72,4.45,14.59
779,DC,20420,25.19,2.69,20.85,18.47,19.53,26.87,16.57
780,MO,64144,23.72,27.23,24.53,5.41,24.17,20.61,3.01
781,TX,77844,2.36,16.86,8.5,24.15,23.5,24.04,29.0
782,KS,66160,11.62,8.27,20.49,26.22,14.97,10.79,2.24
783,AL,36605,4.05,22.86,22.99,6.4,24.66,20.03,38.86
784,CA,90398,29.18,15.42,2.78,9.42,3.17,24.72,32.02
785,NY,14619,29.82,26.13,17.23,2.18,7.35,8.31,19.79
786,TX,88546,3.88,9.65,9.44,24.11,19.22,23.68,41.33
787,WA,98442,2.88,13.1,25.19,28.05,9.58,7.98,18.3
788,IN,46614,4.31,28.81,17.07,8.84,1.94,6.4,5.99
789,MA,01129,10.5,24.71,13.5,5.89,27.16,19.58,48.93
790,VA,23228,22.56,8.41,17.27,26.68,6.95,28.1,37.01
791,CO,80235,4.68,7.85,3.99,6.87,21.23,25.38,12.55
792,MN,55188,6.23,13.1,28.77,29.19,23.83,23.17,26.57
793,PA,19093,10.33,4.2,2.12,8.03,7.51,13.33,15.11
794,CO,80217,5.63,11.37,24.57,4.21,23.49,23.03,18.75
795,IL,61605,25.4,16.93,8.18,2.19,4.37,26.57,30.87
796,CA,92519,18.91,21.15,1.55,23.98,25.68,21.58,33.87
797,AL,36670,8.87,3.35,24.69,18.9,8.44,26.48,7.85
798,PA,19120,6.01,18.44,20.55,8.19,4.88,4.06,22.4
799,AL,35285,8.14,29.99,23.25,22.36,29.69,12.37,3.23
800,NY,10557,26.39,10.84,26.98,13.74,12.16,20.39,31.43
801,NY,12255,8.65,7.76,8.46,18.35,20.25,28.19,11.5
802,VA,23228,26.72,11.01,8.95,8.01,11.8,29.1,3.46
803,LA,70179,29.91,18.78,24.36,29.94,6.01,14.55,31.63
804,OR,97306,13.57,14.6,4.94,4.25,13.6,4.89,44.47
805,GA,30066,13.46,19.65,2.79,7.03,12.26,22.45,32.29
806,NY,12237,23.43,22.09,14.13,20.84,2.71,15.87,48.02
807,UT,84130,11.18,10.27,17.36,27.19,8.33,26.32,41.36
808,WA,98907,28.37,28.44,20.24,28.2,1.14,28.41,16.77
809,DC,20425,26.69,11.27,7.91,26.6,19.75,6.63,32.19
810,VA,23225,17.04,4.74,11.28,23.0,10.55,4.56,6.48
811,MN,55428,8.7,23.24,13.52,25.23,26.64,16.84,6.44
812,HI,96810,15.54,20.27,29.87,20.74,16.2,2.02,46.53
813,AL,35895,28.13,20.06,3.92,22.71,12.56,7.26,9.84
814,FL,33615,21.89,2.65,19.18,3.1,12.4,2.12,31.58
815,OK,73119,27.86,29.31,17.89,25.05,7.55,4.36,7.79
816,CA,92191,7.01,21.9,26.23,20.22,12.5,8.24,11.05
817,OK,74184,6.5,16.92,12.66,19.42,12.15,25.48,31.28
818,CO,80951,25.79,12.22,13.28,6.98,28.24,27.13,48.94
819,TX,78044,11.25,7.89,9.67,29.7,28.8,1.82,32.3
820,OK,74193,18.2,9.53,19.55,29.7,11.7,16.0,11.86
821,AL,35244,28.5,5.68,19.41,22.53,17.17,19.47,33.66
822,AK,99812,23.08,8.19,27.11,25.82,12.72,3.62,27.19
823,AZ,85005,19.82,22.67,17.99,19.82,7.92,28.34,6.16
824,MA,01129,29.77,29.59,23.15,5.87,26.88,13.08,5.21
825,CA,92056,18.11,25.04,12.69,19.64,22.74,11.34,45.82
826,MO,64114,25.87,6.16,21.66,20.55,8.45,23.86,41.61
827,FL,33129,16.67,10.67,14.63,23.37,23.27,8.1,33.58
828,TX,78703,4.16,15.46,20.69,21.27,15.76,22.73,1.05
829,WA,99220,17.83,22.53,17.06,1.7,23.49,11.13,7.82
830,GA,30306,12.51,16.52,13.8,1.52,25.48,23.98,33.6
831,AZ,85246,12.32,24.0,7.56,23.22,9.81,19.39,17.16
832,CA,92030,13.51,7.7,15.72,7.89,20.17,1.37,10.78
833,OH,44197,7.8,19.15,17.43,19.06,24.23,26.99,7.27
834,NE,68144,15.43,23.8,11.89,28.16,11.47,25.67,47.23
835,OH,45249,9.51,12.92,18.56,2.82,24.54,8.38,48.14
836,CA,91797,10.09,24.79,8.43,7.0,29.61,27.28,3.98
837,VA,20189,16.84,16.05,5.23,9.38,10.24,20.23,32.0
838,WA,98206,14.66,16.59,8.68,6.69,26.53,12.71,37.3
839,AZ,85284,23.55,7.18,2.84,10.54,18.65,6.32,43.18
840,FL,33185,29.36,4.47,10.05,11.57,15.73,18.06,15.02
841,IL,62525,12.69,29.23,6.66,21.37,21.24,3.2,6.87
842,OH,44105,6.51,2.46,23.69,18.76,2.96,12.49,13.77
843,MO,64144,14.05,10.16,28.44,26.12,11.11,7.45,4.67
844,KS,66286,4.69,23.72,27.02,10.77,24.74,29.96,19.76
845,KY,41905,17.81,26.19,6.62,15.31,22.52,27.53,27.42
846,DC,20051,15.3,17.97,5.54,5.13,15.28,8.52,36.47
847,OK,73152,9.88,6.74,3.83,24.11,5.3,10.99,10.88
848,DC,20010,2.75,22.2,24.42,3.21,19.97,28.99,10.98
849,NV,89510,19.49,10.0,16.87,17.81,29.98,25.77,9.36
850,GA,31119,8.65,23.78,22.67,25.84,9.83,13.62,20.85
851,AZ,85005,19.98,6.75,18.24,28.88,25.33,13.61,30.82
852,CA,91109,15.26,6.63,3.77,6.23,9.82,3.39,36.35
853,TX,78250,28.96,19.49,22.45,22.35,9.82,21.11,22.69
854,FL,34643,28.15,1.43,15.99,11.26,7.93,28.89,9.47
855,LA,70033,11.79,11.76,22.29,14.13,29.56,27.68,49.75
856,IN,47905,13.31,14.15,13.11,6.74,8.56,19.88,49.34
857,TX,78744,13.82,18.01,22.93,27.11,16.53,28.89,35.99
858,LA,70815,8.96,10.54,24.86,24.12,12.11,3.53,7.78
859,MO,64149,17.07,12.93,27.32,10.34,24.42,7.68,14.83
860,MA,02119,24.92,24.25,25.46,7.01,18.48,17.09,37.81
861,DC,20580,5.94,12.77,29.52,2.53,7.16,15.44,26.46
862,WA,98195,5.41,13.94,17.65,27.87,11.88,29.03,17.54
863,OH,45218,3.15,28.42,5.09,16.39,12.81,2.46,31.54
864,CA,93762,11.07,4.24,29.8,7.31,10.38,22.4,9.38
865,NV,89087,11.45,9.03,19.12,6.87,21.85,14.08,46.38
866,TN,38150,15.46,6.56,21.3,3.23,27.1,6.7,16.28
867,MI,48604,25.27,7.36,22.63,29.97,27.67,3.34,32.99
868,CO,80243,12.25,13.62,28.24,19.23,2.67,20.15,43.97
869,TN,37210,26.65,22.43,4.24,23.88,11.27,18.97,39.03
870,HI,96820,10.51,9.02,11.38,19.02,2.29,30.0,13.15
871,CO,80951,18.29,26.19,1.08,12.28,28.54,7.22,42.86
872,DC,20380,15.75,9.77,28.95,21.77,19.27,3.12,29.35
873,CA,95123,17.31,23.24,6.55,11.2,20.64,18.02,48.63
874,VA,23203,15.7,20.64,27.86,8.91,29.59,13.58,12.98
875,NY,12205,10.47,3.16,10.61,16.48,24.23,23.54,26.79
876,NV,89012,5.81,13.5,16.55,5.85,17.98,23.18,20.76
877,TX,78465,11.26,11.83,18.01,19.13,21.74,26.06,4.91
878,VA,23605,6.75,11.62,8.82,28.87,20.72,24.23,2.77
879,NJ,07544,6.3,16.57,24.75,16.45,11.65,22.4,35.53
880,NM,87190,20.47,22.4,19.08,26.73,22.57,24.58,19.84
881,GA,30343,15.98,13.99,12.36,16.27,16.54,16.67,21.92
882,NY,12237,16.17,20.09,7.56,14.22,4.87,21.55,7.22
883,FL,33175,13.27,25.79,25.95,25.22,23.39,16.31,5.13
884,TX,79945,3.55,15.36,27.43,14.8,19.48,10.34,4.77
885,NV,89130,3.89,14.71,10.72,5.55,22.55,3.13,9.64
886,OH,45233,18.83,12.32,9.25,3.88,10.34,27.68,41.01
887,NM,87201,1.5,18.69,17.94,16.76,6.87,4.55,40.64
888,NV,89150,17.26,27.6,6.81,8.63,13.4,1.66,11.78
889,FL,33467,29.82,6.37,29.23,24.63,6.05,7.8,19.2
890,CA,95133,2.43,7.42,9.46,8.38,7.92,25.77,34.21
891,TX,77346,27.56,22.11,24.95,19.8,29.17,4.77,32.91
892,AL,36205,1.1,27.42,4.04,9.82,2.39,25.94,2.34
893,FL,33737,12.35,26.38,29.21,13.69,17.64,19.9,2.84
894,DC,20215,28.1,14.45,11.17,7.09,2.29,3.61,33.36
895,MO,64144,1.21,13.12,25.7,26.27,5.48,7.85,17.5
896,CA,92176,9.39,11.28,6.43,21.0,9.71,13.63,39.45
897,IA,50305,23.56,29.6,15.4,14.26,26.74,21.69,1.53
898,CA,90025,21.16,27.23,22.63,3.11,19.06,22.17,18.35
899,CO,80126,19.97,18.84,4.81,2.11,16.96,14.31,39.38
900,PA,15255,20.0,5.87,22.67,12.29,13.62,1.51,28.6
901,TX,88563,10.87,29.19,12.64,7.21,11.44,18.99,21.05
902,TX,76705,15.01,28.03,2.73,22.31,6.07,19.2,13.89
903,LA,71213,29.42,7.85,28.44,29.25,23.81,21.79,7.1
904,WA,98405,4.28,5.3,17.54,20.09,3.37,20.99,23.96
905,CA,91520,16.51,9.14,20.49,16.66,27.04,10.38,4.05
906,FL,32092,28.31,3.67,22.03,12.3,21.02,11.9,37.31
907,NY,10034,27.85,7.67,19.04,29.81,17.05,27.08,31.72
908,AZ,85743,26.35,6.92,12.95,15.0,3.48,17.22,21.68
909,KS,66112,18.42,22.95,6.3,29.27,25.99,4.97,1.89
910,GA,31196,2.64,13.27,2.65,27.61,4.46,24.33,41.54
911,MT,59623,13.38,16.89,11.38,20.03,7.09,8.74,22.61
912,MI,48555,11.39,6.98,2.46,16.41,25.58,10.29,10.04
913,WV,25709,25.79,6.07,9.56,15.49,10.85,22.51,34.33
914,KS,66276,13.83,6.9,7.73,23.72,26.12,3.18,49.86
915,DC,20062,11.21,12.91,23.58,12.42,8.23,17.88,42.48
916,VA,23520,8.1,26.78,29.99,9.5,8.52,22.03,14.42
917,KS,66606,12.52,14.04,5.06,14.16,8.36,12.94,38.89
918,FL,34210,3.18,17.65,19.14,20.66,6.47,8.03,37.28
919,SD,57110,1.06,13.64,18.64,8.11,19.92,23.33,49.2
920,CT,06533,16.22,23.88,9.78,15.15,27.87,20.89,45.07
921,KY,40205,11.37,23.74,16.77,7.35,16.65,11.79,46.23
922,TX,88558,8.11,11.11,11.24,21.13,9.21,28.12,1.11
923,KY,40280,26.86,1.19,22.95,25.04,17.31,21.5,16.69
924,MI,48912,20.18,19.38,9.99,26.83,10.77,6.88,31.8
925,MO,65898,14.11,29.15,6.96,26.03,8.58,20.08,16.15
926,IL,62711,14.04,17.12,29.66,14.06,12.71,10.22,38.06
927,KY,40287,11.35,12.44,28.78,29.1,20.1,21.0,16.79
928,OH,45203,9.86,28.02,29.74,1.12,22.19,3.47,26.51
929,MD,20816,20.1,2.59,5.72,15.45,17.26,27.58,28.97
930,DC,20226,1.32,22.51,5.21,7.68,5.0,23.24,37.25
931,GA,31405,13.1,28.08,8.15,5.75,4.64,5.1,23.72
932,CA,90831,29.63,26.77,12.0,6.7,14.82,9.13,39.89
933,KY,40205,4.58,20.73,22.2,20.49,1.78,14.36,38.14
934,CO,80243,19.95,12.1,22.49,15.01,20.97,17.32,38.2
935,KS,67220,24.38,9.33,2.05,29.49,10.35,28.31,19.71
936,CO,80299,11.14,25.43,20.03,25.68,27.81,3.41,19.52
937,OR,97271,12.29,24.83,18.75,14.83,23.58,11.99,18.63
938,CA,90055,1.79,18.96,9.22,5.33,16.44,8.05,17.78
939,WV,25716,6.47,24.3,11.23,23.32,3.51,24.49,19.07
940,TX,77713,3.59,11.99,2.75,22.44,11.42,27.12,10.09
941,FL,33906,3.73,29.28,26.02,28.5,11.99,7.43,23.7
942,TX,77030,5.98,14.07,14.46,7.38,27.95,17.21,37.15
943,KY,40298,2.61,11.62,3.46,28.5,20.79,9.52,35.44
944,OH,45243,13.75,21.21,10.24,26.65,15.5,8.57,38.14
945,GA,30089,22.19,11.34,3.77,20.5,5.58,4.99,40.16
946,CA,92110,20.84,15.02,5.69,4.54,28.69,4.03,16.98
947,TX,78405,13.94,7.23,6.48,28.88,23.16,21.37,41.01
948,ID,83727,22.13,6.82,29.65,10.38,6.19,14.03,46.13
949,WI,53225,13.31,10.09,19.45,22.63,19.36,15.61,15.44
950,IN,47725,5.24,24.71,28.93,7.88,8.91,24.7,30.44
951,TX,75226,8.35,1.95,20.99,6.85,8.81,9.8,16.24
952,KY,40280,27.92,22.2,18.47,11.27,23.25,10.96,3.3
953,NM,87195,20.51,1.02,24.57,15.8,12.46,17.22,35.76
954,CA,90081,8.93,12.7,8.16,20.44,6.85,14.74,17.16
955,MO,64187,21.47,28.72,26.42,17.68,10.25,23.7,48.17
956,NY,11044,28.4,6.73,3.35,29.18,9.94,12.13,29.5
957,SC,29625,28.58,26.14,13.77,18.9,20.74,19.79,43.95
958,TN,38150,2.88,24.94,2.7,4.97,26.85,22.21,49.22
959,NY,11054,3.15,28.45,22.14,3.59,15.37,11.44,14.84
960,VA,23514,9.83,13.77,20.96,17.81,5.6,4.83,48.3
961,GA,31904,1.41,22.16,3.85,24.07,15.76,29.88,16.61
962,VA,24004,3.07,27.72,24.76,13.35,4.75,20.96,26.73
963,AL,36125,1.18,16.99,12.47,27.8,4.84,11.01,5.58
964,PA,16522,24.9,25.81,17.9,13.86,11.43,21.85,34.02
965,CA,94177,27.98,16.83,20.93,25.48,23.01,13.77,30.77
966,CA,90831,8.0,16.21,7.27,14.93,25.67,17.96,29.96
967,FL,33416,17.94,13.62,22.02,19.06,11.74,29.39,23.68
968,OH,44905,24.17,16.77,27.32,21.63,13.0,17.14,18.03
969,IL,60078,26.73,3.55,18.8,16.64,4.01,3.92,8.96
970,FL,33034,5.96,6.31,11.84,26.97,6.01,21.62,32.77
971,TN,37245,5.19,9.19,7.76,18.45,18.31,16.85,2.32
972,FL,34108,16.43,10.14,14.69,7.14,14.76,25.91,26.46
973,SC,29505,1.79,1.73,25.78,6.84,21.64,14.39,37.21
974,WV,25716,21.96,26.98,19.64,20.24,20.97,17.08,31.9
975,OH,45403,20.52,12.93,6.89,22.21,13.9,15.42,30.39
976,MN,55811,7.97,4.82,9.06,24.93,11.05,13.45,42.49
977,CA,93005,6.24,6.05,7.63,15.47,6.74,11.66,36.8
978,FL,32885,29.11,6.56,5.43,29.43,18.37,2.11,16.26
979,IN,46852,11.11,11.75,27.45,25.47,20.21,10.97,10.21
980,VA,22301,29.66,24.96,22.55,23.83,15.44,14.18,7.22
981,LA,70154,6.56,24.0,18.58,4.28,12.87,22.06,9.95
982,OH,44329,2.83,19.16,22.61,18.16,25.57,9.27,41.31
983,VA,23504,14.61,3.34,15.3,29.61,15.42,23.66,20.15
984,NY,12227,8.67,3.48,27.45,3.01,1.8,18.02,39.35
985,WA,98907,4.85,12.49,5.03,25.84,22.4,29.47,41.56
986,FL,34474,29.31,18.04,9.39,22.51,25.41,28.21,40.96
987,SD,57188,21.18,9.77,14.46,24.07,19.0,12.28,48.98
988,NV,89166,26.86,22.87,6.2,19.14,17.67,19.15,34.65
989,CT,06533,2.52,11.01,3.8,25.35,18.51,25.67,11.46
990,VA,22205,7.05,21.04,5.5,3.17,26.0,21.24,18.32
991,DC,20436,21.88,11.09,22.62,27.28,10.94,24.61,21.07
992,OH,45233,17.25,29.17,11.51,27.65,2.6,7.94,15.9
993,FL,33610,22.27,16.98,19.1,22.34,21.63,1.49,21.03
994,MO,64179,15.04,3.75,18.75,9.5,11.05,26.39,18.85
995,LA,70607,14.24,20.49,4.56,8.09,7.19,24.96,18.41
996,PA,16107,3.23,3.61,27.79,21.52,7.1,3.57,26.3
997,CT,06152,10.72,4.03,19.13,16.89,7.17,7.03,8.52
998,FL,32941,29.52,11.73,24.4,29.88,10.71,20.58,19.07
999,GA,31605,16.33,14.14,19.47,21.48,1.75,7.69,28.91
1000,PA,19093,24.94,21.87,2.57,22.5,16.03,17.88,41.82
